store_id,region,period,sales,customers,avg_basket_size,year,quarter,employee_count
861,treatment,post,1343,164,25,2024,4,19
354,control,pre,851,84,22,2023,2,26
334,control,post,1089,118,21,2024,1,20
906,treatment,pre,1212,75,32,2023,1,22
290,control,post,958,90,31,2024,4,25
274,control,post,893,99,32,2024,2,7
939,treatment,pre,1060,138,32,2023,3,5
732,treatment,post,1379,144,36,2024,4,26
66,control,pre,1171,72,17,2023,1,22
324,control,post,869,84,29,2024,2,14
57,control,pre,1078,70,27,2023,2,14
293,control,post,1055,88,28,2024,4,29
119,control,post,884,132,24,2024,4,7
585,treatment,pre,1170,92,22,2023,2,5
375,control,pre,1177,88,27,2023,4,20
276,control,pre,926,73,19,2023,1,29
747,treatment,pre,906,108,26,2023,4,15
129,control,pre,1185,70,15,2023,1,12
647,treatment,post,1390,136,21,2024,3,24
853,treatment,post,1373,86,24,2024,2,25
675,treatment,pre,1102,124,30,2023,1,5
665,treatment,post,1371,126,24,2024,1,19
982,treatment,post,1135,101,27,2024,2,16
84,control,post,1219,114,31,2024,3,30
923,treatment,post,1343,102,30,2024,3,16
100,control,pre,1043,72,23,2023,3,7
180,control,post,1159,95,27,2024,2,17
965,treatment,pre,860,125,24,2023,1,15
793,treatment,pre,1148,142,26,2023,2,30
30,control,pre,1140,121,23,2023,4,15
629,treatment,pre,1244,149,29,2023,2,9
945,treatment,pre,1020,145,16,2023,2,19
573,treatment,pre,1040,57,30,2023,2,20
908,treatment,pre,858,86,18,2023,2,14
81,control,post,943,140,16,2024,3,14
451,control,pre,957,94,33,2023,1,24
610,treatment,post,1362,164,23,2024,3,14
291,control,post,1083,104,30,2024,1,26
79,control,post,1132,100,26,2024,1,13
255,control,pre,1032,121,33,2023,2,23
125,control,pre,1115,85,34,2023,1,14
928,treatment,post,1121,122,32,2024,3,28
252,control,pre,968,72,31,2023,4,28
586,treatment,pre,1169,86,26,2023,2,16
569,treatment,post,1328,90,21,2024,1,24
825,treatment,pre,1004,123,17,2023,1,17
508,treatment,pre,1101,145,27,2023,4,23
890,treatment,pre,997,77,31,2023,4,26
71,control,pre,1055,136,28,2023,1,20
609,treatment,post,1153,151,30,2024,1,28
533,treatment,post,1069,150,22,2024,2,26
248,control,pre,967,72,15,2023,1,8
451,control,post,1183,137,30,2024,4,7
213,control,pre,961,142,17,2023,2,5
910,treatment,pre,1104,100,16,2023,2,18
742,treatment,post,1386,148,37,2024,4,8
245,control,post,973,77,19,2024,3,29
697,treatment,post,1424,145,20,2024,4,22
183,control,post,828,112,25,2024,3,23
362,control,pre,894,59,29,2023,1,21
474,control,post,1019,102,21,2024,2,29
679,treatment,pre,880,82,27,2023,2,20
622,treatment,post,1118,136,31,2024,2,20
90,control,post,1135,99,28,2024,3,10
988,treatment,post,1089,78,39,2024,1,14
848,treatment,post,1248,147,22,2024,1,9
988,treatment,pre,1059,110,18,2023,3,25
513,treatment,post,1405,87,29,2024,1,13
112,control,pre,1130,56,20,2023,3,8
488,control,post,1062,151,16,2024,1,7
454,control,post,901,55,31,2024,1,21
384,control,pre,906,104,26,2023,4,13
396,control,post,953,70,23,2024,3,16
55,control,post,1089,145,19,2024,2,29
756,treatment,pre,871,78,21,2023,4,26
325,control,pre,958,50,29,2023,4,22
624,treatment,post,1198,99,31,2024,2,30
788,treatment,pre,1247,69,27,2023,4,30
369,control,pre,814,102,15,2023,4,19
820,treatment,post,1241,139,32,2024,1,9
70,control,pre,1070,70,26,2023,1,9
858,treatment,pre,867,154,24,2023,3,10
484,control,post,1024,118,16,2024,4,13
556,treatment,post,1264,83,20,2024,4,12
692,treatment,post,1344,109,38,2024,1,13
475,control,post,1012,106,21,2024,1,17
799,treatment,post,1309,126,28,2024,3,14
479,control,pre,1095,90,17,2023,4,9
282,control,pre,1018,109,19,2023,1,20
648,treatment,post,1082,97,39,2024,3,16
557,treatment,post,1203,70,37,2024,2,13
730,treatment,post,1445,111,33,2024,3,21
211,control,pre,937,119,26,2023,3,13
298,control,pre,1130,147,25,2023,2,28
885,treatment,post,1232,74,27,2024,2,23
834,treatment,post,1107,113,22,2024,2,21
652,treatment,pre,852,80,17,2023,1,21
234,control,post,1077,82,17,2024,4,22
503,treatment,post,1274,149,34,2024,1,16
932,treatment,post,1429,100,25,2024,1,27
917,treatment,pre,906,70,24,2023,3,19
994,treatment,pre,1158,99,18,2023,1,30
430,control,pre,910,143,29,2023,4,17
371,control,post,1156,125,20,2024,2,5
240,control,pre,1081,51,23,2023,4,7
880,treatment,pre,1053,89,23,2023,3,8
621,treatment,pre,971,152,29,2023,4,22
257,control,pre,1106,136,24,2023,2,25
612,treatment,pre,1236,147,26,2023,4,12
545,treatment,pre,1168,145,19,2023,1,20
772,treatment,pre,1169,135,21,2023,4,6
420,control,post,1120,127,27,2024,2,22
42,control,post,1218,60,19,2024,4,12
790,treatment,post,1178,117,27,2024,4,21
760,treatment,pre,1219,130,30,2023,4,16
383,control,pre,1168,116,19,2023,2,26
104,control,post,1043,63,22,2024,4,19
974,treatment,pre,1197,121,24,2023,1,8
353,control,pre,1024,61,34,2023,2,24
606,treatment,post,1166,122,27,2024,2,17
826,treatment,post,1361,108,32,2024,2,15
37,control,post,1180,131,34,2024,3,7
108,control,post,1001,145,31,2024,1,29
495,control,pre,824,76,19,2023,2,25
394,control,pre,1024,109,18,2023,4,15
547,treatment,post,1232,138,25,2024,4,25
465,control,pre,871,77,34,2023,2,6
887,treatment,pre,954,126,24,2023,4,17
194,control,post,1215,137,25,2024,1,5
367,control,pre,1058,108,30,2023,3,16
894,treatment,post,1241,85,27,2024,3,21
874,treatment,post,1350,83,26,2024,3,12
745,treatment,pre,925,131,18,2023,4,19
530,treatment,pre,928,103,19,2023,3,9
803,treatment,pre,1110,75,22,2023,2,12
224,control,post,929,143,33,2024,3,7
979,treatment,post,1116,72,29,2024,2,20
906,treatment,post,1088,145,28,2024,2,16
700,treatment,post,1155,133,36,2024,4,13
545,treatment,post,1295,111,30,2024,4,23
314,control,post,1168,125,35,2024,1,29
307,control,pre,1139,66,27,2023,3,19
667,treatment,post,1312,103,35,2024,2,17
863,treatment,pre,856,151,17,2023,4,30
567,treatment,post,1247,111,22,2024,3,9
531,treatment,pre,912,98,34,2023,2,24
655,treatment,pre,1080,147,33,2023,1,22
260,control,post,989,59,16,2024,3,14
234,control,pre,986,136,33,2023,2,20
121,control,pre,909,70,24,2023,3,30
698,treatment,post,1156,114,29,2024,4,5
950,treatment,pre,1157,129,17,2023,3,23
618,treatment,pre,1003,138,26,2023,1,11
179,control,post,951,140,35,2024,1,6
308,control,pre,1174,92,17,2023,1,29
136,control,pre,1054,123,19,2023,2,12
555,treatment,pre,984,136,22,2023,1,28
674,treatment,post,1088,139,27,2024,3,25
584,treatment,pre,1058,124,25,2023,2,14
641,treatment,post,1168,114,36,2024,3,27
671,treatment,pre,1102,115,29,2023,3,23
835,treatment,pre,1222,107,20,2023,1,10
110,control,pre,1094,95,24,2023,2,8
165,control,post,993,81,32,2024,1,11
960,treatment,post,1261,82,37,2024,4,21
465,control,post,1094,61,32,2024,2,7
729,treatment,post,1181,110,38,2024,4,19
243,control,post,1215,148,19,2024,1,21
212,control,pre,994,127,18,2023,4,19
768,treatment,post,1413,131,36,2024,1,18
121,control,post,1151,71,35,2024,3,15
680,treatment,pre,858,125,22,2023,4,12
951,treatment,post,1251,156,39,2024,2,12
839,treatment,post,1195,157,20,2024,1,9
412,control,pre,889,63,29,2023,1,25
325,control,post,1037,58,23,2024,3,27
783,treatment,pre,964,85,30,2023,3,11
346,control,post,1214,108,31,2024,4,22
875,treatment,pre,969,99,28,2023,4,15
653,treatment,post,1431,97,29,2024,1,23
279,control,post,876,109,20,2024,1,19
786,treatment,pre,923,144,33,2023,1,25
819,treatment,post,1221,161,33,2024,3,8
199,control,post,1007,111,23,2024,1,10
808,treatment,pre,1120,68,25,2023,3,20
713,treatment,pre,903,68,27,2023,1,11
991,treatment,post,1242,95,33,2024,2,18
660,treatment,post,1250,103,26,2024,4,23
191,control,post,1217,73,29,2024,4,22
226,control,post,935,127,31,2024,1,19
603,treatment,pre,1214,127,21,2023,3,23
271,control,pre,917,74,17,2023,4,10
385,control,post,834,59,25,2024,4,15
232,control,pre,1141,83,30,2023,4,11
50,control,pre,1187,102,15,2023,2,7
463,control,pre,1034,130,32,2023,2,22
106,control,post,1028,128,23,2024,1,14
856,treatment,pre,1039,93,19,2023,1,6
694,treatment,pre,1162,137,24,2023,2,12
552,treatment,post,1366,97,39,2024,1,29
873,treatment,post,1269,165,24,2024,4,15
527,treatment,pre,1190,55,21,2023,1,6
174,control,pre,1038,119,23,2023,2,5
721,treatment,pre,1151,154,23,2023,4,5
415,control,pre,1125,75,30,2023,2,11
238,control,pre,936,78,21,2023,1,20
473,control,post,1051,147,29,2024,2,25
336,control,post,883,111,16,2024,4,9
64,control,post,1119,126,29,2024,1,14
24,control,pre,896,105,16,2023,3,28
767,treatment,post,1329,138,38,2024,4,27
64,control,pre,870,67,16,2023,1,26
290,control,pre,903,73,16,2023,2,24
189,control,pre,939,135,16,2023,2,19
702,treatment,pre,1063,68,27,2023,4,30
815,treatment,post,1107,102,27,2024,1,8
138,control,post,1100,79,25,2024,3,22
355,control,pre,1153,86,18,2023,2,25
417,control,pre,1198,70,31,2023,2,10
246,control,post,1105,113,35,2024,1,7
931,treatment,pre,1231,152,16,2023,3,29
197,control,pre,1083,111,16,2023,3,21
580,treatment,pre,1102,127,30,2023,2,9
135,control,post,821,95,27,2024,3,30
814,treatment,post,1111,96,39,2024,1,14
935,treatment,post,1084,73,32,2024,4,23
434,control,pre,975,90,26,2023,4,19
101,control,pre,1022,114,21,2023,2,24
655,treatment,post,1338,74,36,2024,4,18
395,control,pre,1191,62,21,2023,3,29
939,treatment,post,1445,71,39,2024,1,7
221,control,pre,810,78,32,2023,4,13
676,treatment,post,1095,143,21,2024,2,26
498,control,post,1159,84,23,2024,1,11
785,treatment,post,1304,75,23,2024,1,16
345,control,pre,837,90,29,2023,4,7
28,control,post,1161,111,30,2024,4,14
889,treatment,pre,1194,97,30,2023,4,27
351,control,post,1052,78,20,2024,2,8
553,treatment,pre,1163,112,25,2023,4,13
744,treatment,pre,1006,64,29,2023,1,8
542,treatment,post,1251,143,39,2024,4,23
539,treatment,pre,984,58,25,2023,3,20
907,treatment,pre,996,81,31,2023,2,17
395,control,post,1153,128,31,2024,1,5
116,control,pre,993,130,30,2023,4,11
830,treatment,pre,1047,141,20,2023,1,14
938,treatment,post,1378,93,21,2024,3,25
809,treatment,pre,1161,107,20,2023,1,6
311,control,post,910,104,19,2024,1,9
5,control,post,827,64,22,2024,1,15
306,control,pre,1143,140,21,2023,1,8
101,control,post,907,85,16,2024,2,19
480,control,pre,926,107,34,2023,3,21
424,control,post,1150,61,30,2024,3,13
76,control,post,1023,61,20,2024,1,30
571,treatment,pre,1224,120,27,2023,2,9
619,treatment,pre,1146,93,31,2023,1,7
898,treatment,post,1159,141,32,2024,1,22
266,control,post,918,81,25,2024,3,30
79,control,pre,825,96,21,2023,3,16
912,treatment,post,1352,106,26,2024,4,15
33,control,pre,884,113,28,2023,4,9
538,treatment,post,1227,124,21,2024,4,13
34,control,post,1092,106,23,2024,1,25
563,treatment,post,1421,139,25,2024,2,18
352,control,pre,1134,114,16,2023,4,11
164,control,pre,1069,50,30,2023,3,12
204,control,pre,1143,98,32,2023,2,7
54,control,post,1084,113,30,2024,1,29
365,control,post,1030,106,17,2024,2,22
967,treatment,post,1184,99,31,2024,3,19
496,control,pre,838,130,17,2023,4,13
625,treatment,post,1060,141,25,2024,1,25
966,treatment,post,1330,153,32,2024,1,12
963,treatment,post,1075,139,31,2024,1,10
611,treatment,pre,1075,129,24,2023,4,21
433,control,pre,1081,111,21,2023,1,6
492,control,post,1193,138,22,2024,2,5
219,control,pre,828,51,17,2023,3,24
931,treatment,post,1273,84,39,2024,3,11
466,control,post,1126,107,34,2024,2,17
631,treatment,pre,990,116,34,2023,4,24
382,control,post,1053,120,34,2024,3,5
302,control,post,1144,142,27,2024,1,27
60,control,pre,1071,135,19,2023,1,15
299,control,pre,1184,91,24,2023,4,10
711,treatment,post,1214,133,31,2024,2,6
74,control,pre,929,76,34,2023,4,5
163,control,pre,935,88,27,2023,1,6
275,control,post,1040,85,19,2024,1,29
594,treatment,post,1238,89,39,2024,1,5
434,control,post,980,78,28,2024,4,11
613,treatment,post,1441,94,31,2024,4,14
592,treatment,pre,1007,154,33,2023,1,19
317,control,pre,963,112,16,2023,2,30
46,control,pre,1150,90,23,2023,1,10
720,treatment,post,1423,108,37,2024,1,13
832,treatment,post,1174,140,34,2024,3,20
428,control,pre,1048,61,21,2023,4,24
582,treatment,pre,956,138,16,2023,2,6
77,control,pre,1157,113,29,2023,2,8
917,treatment,post,1423,138,25,2024,4,14
415,control,post,960,82,34,2024,1,16
781,treatment,pre,915,74,24,2023,3,21
920,treatment,post,1227,126,32,2024,4,8
174,control,post,1206,147,20,2024,3,8
320,control,post,945,65,28,2024,4,29
938,treatment,pre,1148,60,31,2023,2,25
31,control,pre,839,96,25,2023,2,5
92,control,post,975,52,31,2024,3,6
616,treatment,post,1368,111,28,2024,3,6
230,control,post,1089,112,26,2024,3,16
975,treatment,pre,1079,75,22,2023,3,30
85,control,post,1179,100,18,2024,4,10
515,treatment,pre,1038,153,30,2023,3,6
551,treatment,post,1226,118,30,2024,4,10
568,treatment,post,1281,139,39,2024,1,22
811,treatment,post,1096,161,26,2024,2,5
574,treatment,post,1125,89,30,2024,3,14
45,control,pre,918,121,29,2023,4,15
687,treatment,post,1083,103,22,2024,3,16
169,control,pre,1006,133,20,2023,4,23
304,control,pre,871,132,29,2023,2,19
991,treatment,pre,1028,59,20,2023,4,7
556,treatment,pre,1104,69,34,2023,1,24
925,treatment,post,1283,135,21,2024,1,20
608,treatment,pre,1193,137,20,2023,4,24
619,treatment,post,1157,107,33,2024,2,27
758,treatment,pre,1119,64,21,2023,3,20
439,control,pre,832,80,29,2023,1,29
583,treatment,pre,1021,104,23,2023,1,24
519,treatment,post,1306,90,29,2024,2,8
528,treatment,pre,1051,154,35,2023,3,15
343,control,pre,1161,107,24,2023,2,5
737,treatment,post,1443,71,39,2024,1,26
368,control,pre,1024,79,31,2023,4,19
186,control,pre,873,121,20,2023,4,19
117,control,post,1095,134,27,2024,1,27
755,treatment,post,1301,109,28,2024,4,27
426,control,post,1134,134,31,2024,4,10
301,control,pre,1169,61,18,2023,1,26
904,treatment,post,1439,77,23,2024,1,11
833,treatment,pre,900,130,28,2023,4,24
544,treatment,pre,975,140,19,2023,3,28
601,treatment,post,1342,90,33,2024,1,16
351,control,pre,1041,64,30,2023,1,22
933,treatment,post,1064,115,20,2024,2,18
511,treatment,post,1238,153,24,2024,1,30
979,treatment,pre,888,94,20,2023,3,29
176,control,pre,997,114,25,2023,1,11
483,control,pre,1058,144,32,2023,4,12
413,control,post,834,136,35,2024,3,27
611,treatment,post,1399,149,27,2024,1,15
124,control,pre,1071,81,24,2023,3,26
600,treatment,pre,1208,149,26,2023,3,26
795,treatment,post,1222,151,29,2024,4,29
746,treatment,post,1253,71,39,2024,4,27
379,control,post,1025,77,32,2024,3,8
186,control,post,1049,148,32,2024,3,19
486,control,pre,1059,138,26,2023,2,5
332,control,pre,906,132,28,2023,2,14
789,treatment,pre,927,129,26,2023,3,19
195,control,pre,987,57,25,2023,4,5
638,treatment,pre,1183,111,32,2023,1,19
472,control,pre,1082,71,30,2023,2,30
714,treatment,post,1273,93,31,2024,4,23
323,control,pre,944,74,19,2023,3,12
197,control,post,1165,103,32,2024,1,22
267,control,pre,1047,76,29,2023,2,24
544,treatment,post,1424,95,35,2024,1,20
804,treatment,post,1181,108,39,2024,1,22
68,control,pre,1008,96,30,2023,3,25
738,treatment,post,1367,71,32,2024,3,19
593,treatment,post,1067,136,22,2024,4,15
564,treatment,post,1098,97,36,2024,2,26
481,control,pre,1064,112,29,2023,1,21
757,treatment,post,1262,162,21,2024,1,28
913,treatment,post,1331,126,38,2024,2,30
441,control,post,1123,141,22,2024,4,20
461,control,post,944,93,25,2024,4,13
888,treatment,pre,1101,144,22,2023,4,6
423,control,pre,1077,92,28,2023,2,18
675,treatment,post,1207,85,37,2024,1,12
450,control,post,996,75,30,2024,1,9
765,treatment,pre,1180,132,20,2023,4,25
520,treatment,pre,1099,98,28,2023,4,18
432,control,post,1085,75,23,2024,2,10
614,treatment,pre,867,146,29,2023,2,22
531,treatment,post,1134,142,29,2024,1,14
783,treatment,post,1253,80,24,2024,3,5
659,treatment,post,1211,122,39,2024,3,15
454,control,pre,1078,73,28,2023,2,10
731,treatment,pre,909,96,26,2023,1,17
535,treatment,pre,1061,124,35,2023,3,10
966,treatment,pre,850,101,28,2023,3,24
285,control,post,1114,124,23,2024,2,21
740,treatment,post,1079,74,31,2024,1,6
262,control,pre,1183,149,32,2023,2,7
536,treatment,pre,1007,117,16,2023,2,10
969,treatment,pre,1024,60,18,2023,4,21
241,control,pre,1155,146,15,2023,4,21
820,treatment,pre,981,71,31,2023,3,23
693,treatment,pre,899,130,17,2023,4,24
421,control,pre,1084,127,15,2023,2,18
86,control,post,928,63,33,2024,2,18
999,treatment,post,1160,124,32,2024,1,16
366,control,pre,1139,104,15,2023,4,21
23,control,post,1007,125,27,2024,4,24
241,control,post,895,111,20,2024,1,12
589,treatment,pre,1014,74,33,2023,4,14
737,treatment,pre,1225,107,29,2023,3,25
762,treatment,post,1393,94,26,2024,3,28
942,treatment,pre,1131,123,24,2023,2,23
72,control,pre,1044,129,34,2023,1,9
408,control,post,1198,70,20,2024,3,29
260,control,pre,1139,53,26,2023,3,23
52,control,pre,1125,118,26,2023,2,22
199,control,pre,1059,100,20,2023,3,19
789,treatment,post,1238,138,24,2024,1,25
651,treatment,pre,983,119,28,2023,2,25
333,control,pre,965,133,29,2023,4,25
360,control,post,1117,81,20,2024,3,28
594,treatment,pre,1006,57,29,2023,1,18
392,control,post,969,64,28,2024,4,27
801,treatment,post,1051,155,37,2024,2,26
315,control,post,1147,148,27,2024,4,20
112,control,post,983,88,16,2024,4,7
7,control,post,1204,110,16,2024,4,27
327,control,post,1189,131,21,2024,1,6
427,control,pre,820,68,24,2023,1,6
559,treatment,post,1435,144,39,2024,3,12
294,control,post,1203,122,31,2024,3,29
591,treatment,pre,1023,130,18,2023,1,19
958,treatment,post,1130,168,32,2024,2,24
977,treatment,post,1192,106,37,2024,2,27
133,control,post,933,120,30,2024,3,19
986,treatment,pre,1164,136,19,2023,4,19
399,control,pre,1016,99,17,2023,2,14
512,treatment,post,1215,136,38,2024,4,6
437,control,pre,1186,141,16,2023,3,7
193,control,pre,845,134,34,2023,1,13
436,control,post,1001,126,30,2024,1,25
615,treatment,pre,1200,75,17,2023,2,5
494,control,post,906,97,25,2024,2,20
577,treatment,pre,886,149,33,2023,3,26
987,treatment,pre,910,73,19,2023,4,25
433,control,post,1141,104,21,2024,2,27
707,treatment,pre,1108,72,29,2023,3,7
259,control,post,934,54,31,2024,2,25
142,control,pre,941,121,21,2023,2,20
358,control,post,878,114,18,2024,1,16
3,control,pre,1122,100,32,2023,2,10
222,control,post,840,87,28,2024,3,13
870,treatment,post,1210,99,33,2024,1,16
623,treatment,post,1178,157,38,2024,4,29
340,control,pre,814,113,31,2023,1,13
770,treatment,post,1310,97,36,2024,2,26
537,treatment,post,1061,160,22,2024,3,12
484,control,pre,1111,54,20,2023,1,9
266,control,pre,1047,81,19,2023,1,6
377,control,pre,1059,78,17,2023,2,5
742,treatment,pre,1127,123,32,2023,2,20
14,control,post,1000,114,24,2024,1,16
440,control,pre,1152,99,16,2023,3,20
272,control,pre,880,64,29,2023,4,30
185,control,pre,974,139,21,2023,1,12
940,treatment,pre,1138,81,24,2023,4,28
245,control,pre,807,67,16,2023,3,12
932,treatment,pre,978,87,20,2023,2,16
446,control,pre,1157,109,17,2023,2,27
597,treatment,pre,1155,137,27,2023,3,18
818,treatment,pre,1248,129,31,2023,2,23
273,control,post,837,103,18,2024,3,24
677,treatment,post,1237,144,31,2024,2,23
487,control,pre,1095,66,21,2023,3,20
681,treatment,pre,973,110,33,2023,4,23
416,control,pre,913,62,21,2023,3,8
274,control,pre,1038,120,22,2023,2,19
472,control,post,1047,128,18,2024,2,22
830,treatment,post,1284,71,26,2024,2,19
455,control,post,1011,150,26,2024,1,30
251,control,pre,937,133,26,2023,2,21
414,control,pre,1011,85,18,2023,2,25
386,control,post,1143,137,16,2024,4,25
308,control,post,872,83,23,2024,3,26
716,treatment,pre,1223,122,18,2023,4,25
311,control,pre,819,71,27,2023,1,30
927,treatment,pre,1114,91,16,2023,4,24
382,control,pre,1135,97,19,2023,1,17
566,treatment,post,1359,154,35,2024,1,15
426,control,pre,1096,96,16,2023,1,25
875,treatment,post,1322,143,21,2024,2,17
533,treatment,pre,1152,111,16,2023,1,14
753,treatment,pre,952,152,28,2023,1,18
766,treatment,pre,1068,129,30,2023,2,16
357,control,post,1027,83,23,2024,2,16
409,control,pre,991,92,22,2023,2,30
615,treatment,post,1121,149,31,2024,2,16
695,treatment,pre,1093,70,19,2023,3,28
739,treatment,post,1413,147,35,2024,2,29
549,treatment,pre,1188,96,18,2023,3,15
937,treatment,pre,1172,128,29,2023,3,17
390,control,post,1064,103,33,2024,1,6
608,treatment,post,1244,114,31,2024,3,22
940,treatment,post,1063,87,33,2024,3,14
482,control,post,1199,117,29,2024,2,6
183,control,pre,845,59,17,2023,1,7
941,treatment,post,1265,136,35,2024,4,8
161,control,post,1066,118,29,2024,3,9
171,control,pre,803,131,28,2023,1,14
293,control,pre,858,147,17,2023,3,13
562,treatment,pre,918,146,29,2023,2,9
457,control,post,1132,76,27,2024,3,5
877,treatment,post,1280,80,30,2024,4,30
652,treatment,post,1066,140,35,2024,2,16
850,treatment,pre,945,65,17,2023,3,12
273,control,pre,1040,61,30,2023,1,6
550,treatment,post,1208,92,38,2024,3,20
35,control,post,985,127,29,2024,2,17
744,treatment,post,1150,101,35,2024,2,26
372,control,pre,1166,131,22,2023,2,14
670,treatment,post,1051,131,27,2024,3,12
722,treatment,pre,1159,83,16,2023,4,15
734,treatment,pre,1076,85,29,2023,3,24
778,treatment,pre,1209,110,20,2023,3,22
519,treatment,pre,1091,67,23,2023,3,28
335,control,pre,913,136,22,2023,3,13
846,treatment,pre,1125,148,26,2023,1,5
252,control,post,917,74,18,2024,2,27
53,control,post,987,132,34,2024,1,8
924,treatment,post,1157,100,38,2024,2,30
16,control,pre,847,110,24,2023,2,5
708,treatment,pre,945,65,28,2023,3,22
901,treatment,pre,889,98,32,2023,3,16
980,treatment,post,1380,118,31,2024,4,26
573,treatment,post,1094,150,30,2024,4,30
904,treatment,pre,1055,75,18,2023,2,16
466,control,pre,905,115,27,2023,1,13
978,treatment,post,1128,97,32,2024,1,10
200,control,pre,899,71,26,2023,1,7
207,control,post,1154,148,17,2024,4,20
56,control,post,932,136,17,2024,2,17
132,control,post,1010,112,21,2024,2,10
380,control,post,908,94,25,2024,2,27
999,treatment,pre,1249,73,34,2023,1,23
728,treatment,pre,975,113,24,2023,4,28
772,treatment,post,1360,123,35,2024,4,12
910,treatment,post,1421,125,33,2024,3,16
822,treatment,post,1253,94,21,2024,3,7
568,treatment,pre,1224,123,34,2023,2,18
44,control,pre,1013,76,33,2023,1,9
275,control,pre,952,149,20,2023,2,5
97,control,post,1122,127,20,2024,1,5
102,control,pre,1062,70,30,2023,3,15
232,control,post,982,150,35,2024,1,22
722,treatment,post,1279,141,38,2024,4,20
833,treatment,post,1424,93,30,2024,4,29
108,control,pre,940,130,24,2023,4,18
618,treatment,post,1267,102,23,2024,4,8
498,control,pre,1130,129,30,2023,4,19
981,treatment,post,1148,142,36,2024,2,29
882,treatment,pre,1010,108,33,2023,1,11
757,treatment,pre,1247,136,28,2023,4,23
620,treatment,pre,1214,117,18,2023,1,23
107,control,post,1150,147,33,2024,2,12
936,treatment,post,1449,96,38,2024,1,7
810,treatment,pre,1104,121,32,2023,3,9
38,control,post,1204,70,18,2024,2,30
73,control,pre,1159,110,18,2023,4,9
284,control,post,883,85,23,2024,4,13
272,control,post,958,104,25,2024,3,11
335,control,post,868,111,34,2024,4,18
459,control,post,918,94,20,2024,3,13
482,control,pre,1008,120,34,2023,2,7
69,control,post,997,133,27,2024,3,5
507,treatment,pre,1000,143,31,2023,3,11
238,control,post,1123,98,16,2024,3,7
862,treatment,post,1361,140,21,2024,4,9
990,treatment,post,1096,143,27,2024,1,25
477,control,post,1048,59,25,2024,2,27
867,treatment,post,1383,167,30,2024,4,27
456,control,post,1100,142,17,2024,3,5
312,control,pre,1093,113,20,2023,3,12
963,treatment,pre,1159,81,22,2023,4,10
406,control,pre,1093,141,15,2023,1,8
331,control,post,1115,118,28,2024,3,20
650,treatment,post,1382,143,32,2024,1,19
310,control,pre,829,89,17,2023,1,11
227,control,pre,983,146,19,2023,2,21
858,treatment,post,1178,156,32,2024,3,27
711,treatment,pre,1207,128,34,2023,1,11
944,treatment,post,1078,133,36,2024,4,25
384,control,post,1045,135,21,2024,1,20
786,treatment,post,1090,99,37,2024,4,23
149,control,pre,1050,90,22,2023,1,19
555,treatment,post,1193,143,32,2024,2,30
957,treatment,post,1216,116,34,2024,4,26
926,treatment,pre,1013,65,30,2023,1,25
943,treatment,pre,1215,97,30,2023,3,25
837,treatment,pre,872,78,16,2023,3,17
576,treatment,pre,908,117,26,2023,3,17
558,treatment,pre,922,153,31,2023,2,17
236,control,post,879,70,20,2024,3,25
361,control,post,1041,69,27,2024,1,9
348,control,post,1131,91,17,2024,2,15
162,control,post,921,90,30,2024,1,25
443,control,post,1178,66,23,2024,3,17
287,control,pre,1185,63,29,2023,4,5
605,treatment,post,1052,133,33,2024,3,29
58,control,post,827,61,22,2024,2,9
599,treatment,pre,1180,121,24,2023,1,29
933,treatment,pre,914,149,25,2023,3,21
462,control,post,1122,66,21,2024,2,5
638,treatment,post,1143,84,38,2024,4,12
588,treatment,post,1251,95,27,2024,1,14
41,control,post,1127,87,34,2024,4,21
231,control,post,891,75,27,2024,4,18
807,treatment,pre,1041,143,17,2023,2,26
905,treatment,pre,865,119,27,2023,1,12
680,treatment,post,1258,151,32,2024,2,20
205,control,post,1165,139,22,2024,4,14
768,treatment,pre,1171,114,27,2023,2,9
610,treatment,pre,868,120,27,2023,4,13
993,treatment,post,1266,164,36,2024,1,7
565,treatment,post,1244,150,39,2024,3,18
423,control,post,1023,96,25,2024,3,26
11,control,post,939,136,24,2024,2,28
494,control,pre,829,109,16,2023,2,27
321,control,post,889,71,34,2024,3,27
278,control,pre,927,90,30,2023,1,7
847,treatment,post,1370,141,34,2024,4,28
359,control,pre,926,109,25,2023,2,14
111,control,post,947,150,35,2024,3,17
237,control,pre,810,148,25,2023,2,10
552,treatment,pre,889,147,21,2023,4,5
868,treatment,post,1427,121,23,2024,1,18
813,treatment,post,1160,151,35,2024,4,9
209,control,pre,1112,78,23,2023,4,13
387,control,post,960,108,32,2024,3,30
561,treatment,post,1250,106,22,2024,1,26
59,control,pre,946,135,32,2023,1,11
632,treatment,pre,904,154,29,2023,1,13
962,treatment,post,1393,147,37,2024,4,30
860,treatment,post,1158,74,38,2024,2,20
817,treatment,post,1351,164,32,2024,2,24
364,control,pre,913,71,19,2023,3,20
506,treatment,pre,1155,97,16,2023,2,23
166,control,post,901,79,27,2024,2,24
122,control,post,923,116,35,2024,4,19
630,treatment,post,1442,116,34,2024,4,30
217,control,post,1001,139,18,2024,3,24
152,control,post,1187,108,25,2024,1,17
125,control,post,1183,92,30,2024,2,26
595,treatment,post,1397,88,37,2024,2,12
119,control,pre,933,95,34,2023,4,16
250,control,post,1006,103,20,2024,2,12
994,treatment,post,1186,85,34,2024,3,16
523,treatment,pre,926,60,24,2023,3,27
514,treatment,pre,1142,132,18,2023,3,17
82,control,pre,1068,77,22,2023,1,16
916,treatment,pre,1112,125,24,2023,2,30
19,control,post,1164,119,18,2024,2,19
381,control,pre,1047,102,18,2023,2,19
30,control,post,1186,83,32,2024,3,7
689,treatment,post,1083,116,38,2024,4,8
85,control,pre,851,134,21,2023,1,21
678,treatment,post,1237,99,35,2024,2,10
330,control,pre,1154,68,20,2023,4,9
7,control,pre,883,123,22,2023,4,23
746,treatment,pre,1012,111,24,2023,1,13
554,treatment,post,1078,165,25,2024,1,28
915,treatment,pre,1098,72,27,2023,3,30
874,treatment,pre,1148,112,29,2023,4,30
452,control,pre,1001,91,32,2023,3,22
491,control,pre,1005,75,17,2023,3,25
481,control,post,981,52,24,2024,1,13
288,control,pre,1154,131,17,2023,2,30
949,treatment,pre,1029,141,28,2023,2,26
986,treatment,post,1324,100,26,2024,1,30
369,control,post,935,71,26,2024,3,25
147,control,post,1189,77,21,2024,4,10
706,treatment,pre,1026,96,21,2023,2,24
727,treatment,post,1333,128,30,2024,4,12
702,treatment,post,1279,101,21,2024,3,5
629,treatment,post,1316,122,30,2024,2,30
600,treatment,post,1245,89,26,2024,1,6
539,treatment,post,1355,155,36,2024,3,12
406,control,post,828,133,30,2024,4,12
651,treatment,post,1447,105,21,2024,3,26
328,control,pre,892,92,19,2023,2,9
443,control,pre,876,141,21,2023,4,11
775,treatment,pre,873,100,35,2023,3,13
88,control,post,1024,137,34,2024,1,20
221,control,post,1072,85,33,2024,2,15
636,treatment,post,1425,114,34,2024,2,12
178,control,pre,850,87,29,2023,1,19
323,control,post,1155,63,31,2024,1,22
705,treatment,pre,1018,91,26,2023,1,12
87,control,pre,1033,78,16,2023,2,7
884,treatment,post,1364,106,34,2024,3,17
948,treatment,post,1435,106,20,2024,1,20
458,control,pre,849,127,34,2023,4,24
829,treatment,post,1335,115,20,2024,3,15
55,control,pre,1114,123,26,2023,2,5
502,treatment,post,1311,165,25,2024,3,28
644,treatment,pre,1008,61,34,2023,3,23
678,treatment,pre,1148,131,35,2023,3,15
222,control,pre,1028,138,15,2023,4,20
114,control,pre,916,82,27,2023,2,13
983,treatment,pre,889,55,17,2023,4,13
229,control,post,1171,89,32,2024,4,21
1000,treatment,pre,1206,116,33,2023,4,30
175,control,pre,1015,87,32,2023,1,19
782,treatment,pre,1058,91,32,2023,3,24
590,treatment,pre,1135,89,35,2023,2,28
560,treatment,post,1309,137,25,2024,2,9
19,control,pre,1024,74,17,2023,3,24
424,control,pre,828,108,27,2023,2,29
344,control,post,1109,58,20,2024,4,26
286,control,pre,832,138,16,2023,4,16
584,treatment,post,1314,72,34,2024,4,11
429,control,pre,895,85,31,2023,4,15
510,treatment,post,1071,112,21,2024,4,20
319,control,post,972,143,21,2024,4,17
670,treatment,pre,994,87,22,2023,1,16
32,control,pre,1122,93,30,2023,1,20
941,treatment,pre,1239,67,24,2023,1,6
723,treatment,pre,1171,107,24,2023,2,9
995,treatment,pre,1205,129,17,2023,2,24
215,control,pre,924,123,15,2023,1,30
814,treatment,pre,1116,124,33,2023,2,20
327,control,pre,890,66,17,2023,3,16
561,treatment,pre,975,126,23,2023,3,9
113,control,post,992,86,35,2024,4,8
701,treatment,pre,1245,65,31,2023,4,6
579,treatment,post,1331,140,24,2024,2,19
190,control,post,1110,141,16,2024,2,18
342,control,pre,1180,73,20,2023,3,27
630,treatment,pre,1217,76,35,2023,1,9
148,control,pre,1172,149,19,2023,1,5
310,control,post,1078,77,25,2024,1,13
361,control,pre,1133,51,34,2023,2,28
84,control,pre,801,71,25,2023,1,6
49,control,pre,968,65,31,2023,3,7
469,control,pre,1178,52,16,2023,2,14
156,control,pre,1022,144,26,2023,2,29
773,treatment,pre,937,147,24,2023,4,19
240,control,post,1070,124,28,2024,4,25
201,control,post,847,117,30,2024,3,23
403,control,post,1204,130,30,2024,4,30
203,control,post,1111,111,22,2024,3,6
631,treatment,post,1179,143,33,2024,4,29
501,treatment,pre,1227,128,27,2023,3,6
765,treatment,post,1438,142,39,2024,1,17
180,control,pre,930,96,22,2023,4,22
48,control,post,1135,80,25,2024,1,24
756,treatment,post,1418,166,34,2024,2,25
951,treatment,pre,1019,108,17,2023,3,29
317,control,post,1058,62,21,2024,2,7
620,treatment,post,1364,122,25,2024,4,9
529,treatment,pre,980,145,30,2023,3,19
347,control,pre,806,145,27,2023,3,17
388,control,post,1163,91,20,2024,3,16
961,treatment,post,1240,89,36,2024,1,6
51,control,post,1138,95,31,2024,3,15
973,treatment,post,1275,83,28,2024,1,25
442,control,post,1166,70,16,2024,4,6
602,treatment,pre,1099,104,27,2023,2,9
282,control,post,830,110,29,2024,2,11
244,control,pre,1121,145,32,2023,1,26
337,control,post,1098,60,22,2024,3,23
68,control,post,1016,128,27,2024,1,7
476,control,post,1214,52,18,2024,1,6
313,control,pre,801,59,25,2023,3,7
436,control,pre,1004,141,22,2023,2,23
899,treatment,post,1362,73,37,2024,4,12
329,control,post,969,146,34,2024,1,12
309,control,pre,1134,141,28,2023,1,9
431,control,pre,1035,82,26,2023,1,23
661,treatment,pre,904,128,31,2023,1,28
371,control,pre,1147,70,16,2023,1,20
567,treatment,pre,855,67,28,2023,2,27
980,treatment,pre,901,65,16,2023,1,9
182,control,pre,1102,96,28,2023,2,30
363,control,post,855,100,23,2024,3,6
622,treatment,pre,930,93,35,2023,1,5
819,treatment,pre,856,141,33,2023,4,8
193,control,post,1184,103,31,2024,4,10
953,treatment,pre,931,142,25,2023,2,20
422,control,post,882,116,29,2024,2,8
841,treatment,post,1211,83,27,2024,2,28
923,treatment,pre,1232,81,30,2023,1,21
74,control,post,1026,59,16,2024,3,15
297,control,pre,853,106,34,2023,1,8
967,treatment,pre,1222,57,28,2023,1,15
462,control,pre,1147,84,20,2023,1,20
303,control,post,899,138,26,2024,2,23
177,control,post,1085,139,19,2024,3,30
378,control,pre,1023,105,26,2023,4,16
799,treatment,pre,991,66,19,2023,1,14
103,control,post,1175,94,26,2024,4,25
106,control,pre,1177,109,31,2023,1,25
127,control,pre,1101,119,19,2023,3,11
996,treatment,post,1448,145,38,2024,1,23
839,treatment,pre,911,108,31,2023,4,25
356,control,pre,1059,79,24,2023,3,20
617,treatment,post,1402,95,29,2024,3,24
683,treatment,pre,937,59,24,2023,3,7
813,treatment,pre,919,91,26,2023,3,14
681,treatment,post,1184,152,36,2024,1,15
210,control,pre,860,108,15,2023,1,10
493,control,post,908,58,26,2024,3,29
141,control,pre,888,55,30,2023,2,30
975,treatment,post,1399,131,39,2024,4,21
340,control,post,964,140,31,2024,2,25
798,treatment,post,1439,157,26,2024,2,20
575,treatment,post,1400,148,24,2024,2,24
182,control,post,1207,119,35,2024,4,29
394,control,post,981,78,22,2024,1,17
816,treatment,post,1329,74,28,2024,1,7
712,treatment,pre,989,71,29,2023,2,17
794,treatment,post,1101,82,35,2024,1,18
893,treatment,pre,897,137,28,2023,3,28
860,treatment,pre,1151,60,26,2023,3,25
11,control,pre,1014,147,19,2023,2,15
695,treatment,post,1435,80,37,2024,1,29
428,control,post,1189,59,23,2024,4,8
283,control,pre,1173,124,28,2023,4,21
811,treatment,pre,949,77,27,2023,3,29
342,control,post,1121,88,27,2024,2,17
292,control,pre,1159,74,29,2023,3,22
755,treatment,pre,1042,56,35,2023,4,9
627,treatment,pre,886,123,19,2023,4,12
944,treatment,pre,963,56,17,2023,3,15
862,treatment,pre,1236,103,17,2023,4,11
130,control,pre,1124,84,30,2023,1,24
176,control,post,934,140,35,2024,3,20
324,control,pre,1086,82,26,2023,1,5
91,control,post,976,123,27,2024,2,22
844,treatment,pre,1216,77,35,2023,1,23
964,treatment,pre,1071,100,18,2023,2,23
865,treatment,post,1197,132,37,2024,4,8
866,treatment,pre,919,77,27,2023,2,14
922,treatment,pre,944,72,33,2023,4,6
696,treatment,pre,1096,105,23,2023,4,23
216,control,pre,1193,96,31,2023,3,6
781,treatment,post,1326,71,35,2024,3,27
262,control,post,821,53,32,2024,4,19
159,control,pre,1175,131,20,2023,3,9
59,control,post,1094,64,33,2024,4,10
989,treatment,pre,1134,98,19,2023,3,7
842,treatment,pre,1212,78,34,2023,3,7
635,treatment,pre,905,92,19,2023,1,12
517,treatment,pre,1046,69,20,2023,4,23
429,control,post,1074,58,18,2024,1,7
748,treatment,post,1337,156,29,2024,2,5
598,treatment,pre,1236,124,32,2023,4,25
196,control,pre,1081,95,18,2023,3,26
784,treatment,post,1170,130,33,2024,2,18
870,treatment,pre,1183,69,35,2023,4,11
411,control,pre,1176,73,26,2023,3,18
97,control,pre,803,97,33,2023,1,25
1,control,post,831,124,27,2024,1,16
506,treatment,post,1131,144,30,2024,4,23
157,control,pre,998,135,16,2023,1,30
420,control,pre,889,89,23,2023,4,15
803,treatment,post,1318,141,25,2024,4,19
478,control,pre,1007,86,28,2023,2,17
856,treatment,post,1227,161,29,2024,3,7
669,treatment,pre,920,80,34,2023,4,23
418,control,post,878,92,22,2024,1,20
872,treatment,post,1418,143,37,2024,3,10
300,control,post,1045,115,18,2024,2,18
448,control,pre,997,107,30,2023,4,9
554,treatment,pre,880,58,18,2023,2,12
179,control,pre,1157,77,19,2023,4,13
391,control,pre,1140,121,29,2023,1,19
579,treatment,pre,1147,128,31,2023,1,7
478,control,post,1197,58,24,2024,3,6
707,treatment,post,1272,98,35,2024,4,15
288,control,post,862,92,18,2024,3,28
645,treatment,post,1336,142,32,2024,2,29
24,control,post,1035,92,16,2024,2,21
821,treatment,pre,881,82,27,2023,1,30
825,treatment,post,1103,155,29,2024,2,20
985,treatment,pre,1165,75,35,2023,1,19
339,control,post,1061,141,16,2024,4,29
665,treatment,pre,856,141,17,2023,2,14
143,control,pre,1164,101,17,2023,2,29
517,treatment,post,1416,83,28,2024,4,20
430,control,post,1006,60,28,2024,2,23
865,treatment,pre,850,91,27,2023,3,20
422,control,pre,865,134,34,2023,4,22
637,treatment,pre,1234,55,34,2023,3,11
407,control,post,1162,83,32,2024,1,15
800,treatment,pre,899,103,35,2023,4,7
404,control,post,1104,81,16,2024,1,20
616,treatment,pre,1120,143,30,2023,4,17
295,control,pre,973,137,23,2023,3,17
924,treatment,pre,1185,141,20,2023,4,17
269,control,post,950,52,33,2024,1,13
903,treatment,post,1325,94,28,2024,1,16
89,control,pre,856,116,30,2023,3,18
42,control,pre,1158,113,18,2023,1,21
802,treatment,post,1240,76,36,2024,2,26
934,treatment,post,1153,161,34,2024,4,19
132,control,pre,1149,72,25,2023,2,19
2,control,post,1099,134,17,2024,2,23
158,control,post,1070,74,18,2024,4,28
95,control,post,1094,71,34,2024,1,29
855,treatment,post,1066,167,26,2024,2,19
345,control,post,889,67,22,2024,2,30
499,control,post,989,99,23,2024,1,17
165,control,pre,1051,69,16,2023,2,30
725,treatment,pre,887,115,24,2023,3,24
291,control,pre,1146,121,17,2023,1,7
209,control,post,859,145,16,2024,4,13
589,treatment,post,1367,83,24,2024,2,23
897,treatment,post,1275,110,37,2024,3,5
642,treatment,post,1388,76,22,2024,2,17
362,control,post,959,54,22,2024,2,27
779,treatment,pre,870,135,32,2023,4,15
840,treatment,pre,1146,79,27,2023,1,17
349,control,pre,871,105,25,2023,4,8
945,treatment,post,1297,71,27,2024,1,29
572,treatment,pre,1146,77,19,2023,1,9
918,treatment,pre,885,136,26,2023,1,12
977,treatment,pre,1085,127,23,2023,3,5
914,treatment,post,1128,156,33,2024,4,14
469,control,post,820,54,34,2024,1,20
592,treatment,post,1173,95,24,2024,4,10
318,control,post,1153,148,28,2024,1,16
845,treatment,post,1434,150,36,2024,2,10
137,control,pre,1123,118,31,2023,2,19
459,control,pre,1177,73,27,2023,3,19
376,control,pre,1088,84,28,2023,1,13
343,control,post,1138,100,28,2024,1,15
334,control,pre,814,50,19,2023,3,18
160,control,post,1074,63,27,2024,2,5
761,treatment,post,1137,91,33,2024,2,30
458,control,post,1159,149,28,2024,3,5
817,treatment,pre,1114,62,20,2023,3,10
115,control,post,1189,103,33,2024,3,7
6,control,post,888,77,16,2024,1,28
857,treatment,post,1073,152,38,2024,3,27
955,treatment,post,1404,70,34,2024,4,6
851,treatment,post,1143,103,23,2024,1,16
911,treatment,pre,1050,119,20,2023,2,10
930,treatment,post,1184,84,37,2024,4,16
126,control,post,835,117,20,2024,4,28
329,control,pre,838,107,26,2023,4,30
248,control,post,1176,84,17,2024,3,30
319,control,pre,825,135,17,2023,4,21
690,treatment,post,1129,112,36,2024,4,6
359,control,post,1073,146,27,2024,2,18
733,treatment,post,1157,82,30,2024,4,17
168,control,pre,969,143,21,2023,2,25
13,control,pre,896,70,18,2023,2,24
927,treatment,post,1060,131,26,2024,2,29
172,control,pre,817,52,29,2023,3,20
650,treatment,pre,1011,116,35,2023,4,17
62,control,post,1166,88,31,2024,4,22
261,control,pre,1137,137,21,2023,1,23
367,control,post,891,71,18,2024,1,22
549,treatment,post,1084,116,28,2024,4,19
902,treatment,pre,1139,102,17,2023,3,8
673,treatment,pre,1136,107,21,2023,4,26
259,control,pre,892,51,34,2023,2,14
845,treatment,pre,1190,72,20,2023,2,11
868,treatment,pre,879,137,19,2023,2,18
800,treatment,post,1279,137,37,2024,3,13
139,control,pre,1107,79,32,2023,4,21
894,treatment,pre,1178,122,17,2023,1,13
838,treatment,post,1311,75,22,2024,1,8
550,treatment,pre,863,116,28,2023,2,18
320,control,pre,897,99,17,2023,2,28
527,treatment,post,1220,152,37,2024,2,23
806,treatment,post,1175,164,26,2024,4,22
178,control,post,972,150,30,2024,2,27
559,treatment,pre,1171,129,22,2023,1,27
140,control,pre,935,120,28,2023,4,18
735,treatment,post,1341,94,34,2024,4,15
532,treatment,pre,1179,66,30,2023,1,23
225,control,pre,1079,64,33,2023,4,10
724,treatment,pre,986,103,28,2023,1,16
787,treatment,pre,1148,145,27,2023,4,18
718,treatment,post,1439,165,34,2024,1,14
8,control,post,878,102,16,2024,1,13
410,control,pre,1028,102,32,2023,3,6
326,control,pre,812,128,27,2023,3,27
766,treatment,post,1385,153,22,2024,1,29
300,control,pre,1091,116,24,2023,4,18
263,control,post,1181,133,35,2024,4,9
946,treatment,post,1403,169,20,2024,3,5
26,control,pre,868,143,34,2023,1,17
859,treatment,post,1444,139,38,2024,3,16
715,treatment,pre,885,124,33,2023,4,23
10,control,post,1012,110,22,2024,1,19
194,control,pre,922,52,27,2023,1,17
441,control,pre,1097,91,26,2023,1,19
574,treatment,pre,1107,135,34,2023,4,24
947,treatment,pre,873,120,33,2023,1,9
998,treatment,pre,871,55,26,2023,1,8
504,treatment,pre,1053,126,28,2023,2,11
606,treatment,pre,1211,136,24,2023,1,16
717,treatment,post,1445,104,20,2024,3,14
164,control,post,982,148,33,2024,4,29
787,treatment,post,1396,138,36,2024,3,29
847,treatment,pre,1110,63,23,2023,1,29
4,control,pre,898,134,21,2023,2,9
287,control,post,1076,88,18,2024,2,5
223,control,post,1128,60,21,2024,3,12
468,control,pre,881,114,22,2023,4,10
322,control,pre,881,117,26,2023,1,17
6,control,pre,817,101,19,2023,1,10
223,control,pre,1059,144,25,2023,1,14
375,control,post,890,136,26,2024,2,25
548,treatment,pre,1195,90,34,2023,1,23
229,control,pre,1093,121,27,2023,4,11
40,control,pre,1148,83,18,2023,2,26
543,treatment,pre,888,135,30,2023,4,12
243,control,pre,915,93,22,2023,4,10
899,treatment,pre,1182,72,33,2023,3,22
134,control,post,842,74,34,2024,1,9
449,control,post,1060,82,35,2024,2,26
869,treatment,post,1269,147,32,2024,2,7
843,treatment,pre,852,69,19,2023,1,28
419,control,post,849,91,33,2024,2,10
654,treatment,post,1359,107,39,2024,2,18
970,treatment,post,1087,143,36,2024,3,19
662,treatment,pre,1141,96,26,2023,1,27
211,control,post,1160,104,22,2024,1,12
315,control,pre,1161,66,18,2023,2,21
692,treatment,pre,864,142,27,2023,2,20
504,treatment,post,1153,124,37,2024,4,14
425,control,pre,808,98,22,2023,4,18
595,treatment,pre,1215,126,18,2023,1,6
964,treatment,post,1093,111,28,2024,3,8
623,treatment,pre,990,99,31,2023,2,24
171,control,post,961,70,27,2024,2,19
44,control,post,1071,74,24,2024,1,7
228,control,pre,1090,98,32,2023,3,13
118,control,post,1127,128,20,2024,3,10
332,control,post,1169,108,20,2024,1,26
316,control,post,1213,87,24,2024,2,26
67,control,pre,954,82,26,2023,2,6
25,control,pre,1008,121,20,2023,4,30
145,control,pre,1140,131,21,2023,4,14
537,treatment,pre,1118,93,33,2023,3,7
812,treatment,pre,1054,69,28,2023,3,17
467,control,post,865,143,29,2024,2,7
86,control,pre,1173,112,27,2023,3,12
661,treatment,post,1107,152,21,2024,2,30
646,treatment,post,1270,143,28,2024,1,29
805,treatment,post,1062,120,30,2024,3,9
818,treatment,post,1133,157,24,2024,3,9
577,treatment,post,1318,155,23,2024,2,16
145,control,post,850,106,27,2024,3,19
363,control,pre,965,95,27,2023,1,15
612,treatment,post,1126,150,27,2024,2,29
866,treatment,post,1309,74,29,2024,1,5
27,control,post,1030,126,24,2024,3,5
31,control,post,992,147,25,2024,4,30
304,control,post,936,69,24,2024,3,29
356,control,post,956,98,21,2024,4,16
731,treatment,post,1100,137,38,2024,4,10
666,treatment,pre,850,72,22,2023,2,6
365,control,pre,852,122,20,2023,3,11
78,control,pre,983,63,32,2023,4,15
28,control,pre,1111,121,24,2023,4,29
437,control,post,942,79,21,2024,3,24
526,treatment,pre,980,86,16,2023,3,15
835,treatment,post,1198,120,30,2024,3,13
56,control,pre,1194,64,32,2023,2,16
639,treatment,pre,979,55,25,2023,3,16
303,control,pre,1150,118,25,2023,4,13
719,treatment,pre,939,97,26,2023,1,14
625,treatment,pre,1053,137,27,2023,1,8
8,control,pre,906,105,33,2023,1,14
804,treatment,pre,1188,141,35,2023,3,9
50,control,post,970,135,31,2024,4,27
337,control,pre,930,73,16,2023,2,16
48,control,pre,876,78,27,2023,3,6
764,treatment,post,1054,90,26,2024,4,5
107,control,pre,998,58,25,2023,4,18
350,control,pre,1133,144,16,2023,1,10
80,control,post,996,60,18,2024,4,13
239,control,pre,1045,148,33,2023,4,24
214,control,pre,869,77,20,2023,2,10
776,treatment,post,1285,114,26,2024,1,19
139,control,post,1010,76,21,2024,2,18
794,treatment,pre,949,145,16,2023,4,18
587,treatment,post,1154,84,25,2024,4,26
583,treatment,post,1327,92,26,2024,1,18
672,treatment,post,1074,125,25,2024,2,25
524,treatment,pre,1235,61,32,2023,3,14
233,control,pre,953,55,19,2023,4,7
645,treatment,pre,1057,81,33,2023,1,16
508,treatment,post,1346,156,22,2024,2,28
534,treatment,pre,865,93,30,2023,3,15
942,treatment,post,1375,117,26,2024,3,17
604,treatment,pre,1217,84,20,2023,1,23
330,control,post,1211,113,29,2024,2,14
75,control,post,941,113,31,2024,3,26
305,control,post,1163,101,25,2024,2,22
61,control,pre,1053,58,16,2023,3,26
264,control,post,1010,102,20,2024,3,23
93,control,pre,939,143,21,2023,4,18
667,treatment,pre,1017,127,34,2023,4,17
281,control,pre,1039,70,21,2023,4,15
114,control,post,993,95,26,2024,1,28
360,control,pre,926,81,19,2023,3,28
129,control,post,1077,114,17,2024,2,24
170,control,post,928,64,20,2024,3,19
848,treatment,pre,993,146,33,2023,4,15
522,treatment,post,1379,104,26,2024,3,9
111,control,pre,1166,56,30,2023,3,30
43,control,pre,1153,62,21,2023,1,6
126,control,pre,1096,80,19,2023,3,21
205,control,pre,900,129,31,2023,4,27
53,control,pre,864,86,30,2023,4,10
546,treatment,pre,1004,127,26,2023,1,20
69,control,pre,1190,144,23,2023,1,7
741,treatment,post,1109,144,24,2024,3,19
548,treatment,post,1200,140,22,2024,3,29
184,control,pre,818,137,32,2023,1,22
138,control,pre,1100,91,30,2023,2,7
900,treatment,pre,1059,123,29,2023,2,21
797,treatment,pre,936,101,20,2023,3,7
133,control,pre,860,91,30,2023,1,26
81,control,pre,1105,125,22,2023,2,27
987,treatment,post,1095,168,27,2024,2,18
541,treatment,post,1268,141,28,2024,3,23
542,treatment,pre,879,58,31,2023,3,27
669,treatment,post,1220,74,38,2024,2,17
984,treatment,pre,1054,95,30,2023,1,25
166,control,pre,1057,74,30,2023,2,7
249,control,pre,1020,97,23,2023,2,28
447,control,pre,991,68,28,2023,4,14
515,treatment,post,1424,157,38,2024,2,20
859,treatment,pre,1146,139,19,2023,4,26
212,control,post,1106,53,34,2024,3,9
98,control,pre,1195,136,31,2023,3,13
974,treatment,post,1380,95,28,2024,1,5
738,treatment,pre,980,76,33,2023,1,17
256,control,post,1215,127,20,2024,1,24
103,control,pre,1065,81,17,2023,3,21
435,control,pre,925,126,15,2023,3,11
75,control,pre,843,112,34,2023,1,16
792,treatment,post,1224,165,31,2024,1,24
235,control,post,888,92,17,2024,2,27
919,treatment,pre,1062,87,33,2023,1,9
712,treatment,post,1124,144,20,2024,1,17
671,treatment,post,1398,161,31,2024,2,6
621,treatment,post,1327,93,23,2024,4,26
763,treatment,pre,894,150,17,2023,1,19
990,treatment,pre,873,126,29,2023,3,24
389,control,pre,958,118,31,2023,2,23
236,control,pre,1101,70,34,2023,1,25
507,treatment,post,1400,133,28,2024,3,25
268,control,pre,814,64,30,2023,2,23
188,control,post,1133,147,29,2024,4,20
118,control,pre,816,96,23,2023,1,7
607,treatment,post,1115,169,36,2024,1,17
674,treatment,pre,881,123,21,2023,3,27
250,control,pre,1189,104,26,2023,2,19
453,control,post,1114,132,21,2024,1,13
995,treatment,post,1063,95,31,2024,3,18
95,control,pre,903,90,23,2023,2,17
34,control,pre,847,79,26,2023,4,8
464,control,post,1127,126,31,2024,3,30
668,treatment,post,1229,95,36,2024,4,27
449,control,pre,1018,136,27,2023,3,12
717,treatment,pre,934,109,24,2023,3,8
810,treatment,post,1386,77,25,2024,4,16
518,treatment,post,1166,90,31,2024,4,18
1,control,pre,1165,112,15,2023,2,24
376,control,post,1210,123,28,2024,3,23
102,control,post,1208,143,29,2024,2,28
109,control,post,1014,81,34,2024,1,17
227,control,post,1123,102,23,2024,2,22
83,control,pre,818,52,15,2023,3,19
289,control,post,829,125,24,2024,3,20
677,treatment,pre,970,79,16,2023,4,30
921,treatment,post,1407,134,39,2024,2,17
47,control,post,1126,75,25,2024,1,26
771,treatment,pre,1162,67,35,2023,1,11
947,treatment,post,1445,90,21,2024,4,17
281,control,post,1100,119,17,2024,3,18
581,treatment,post,1164,110,33,2024,4,12
489,control,post,1090,102,23,2024,1,10
405,control,pre,935,73,34,2023,4,25
728,treatment,post,1232,164,22,2024,1,30
299,control,post,1175,137,22,2024,4,20
341,control,post,998,70,23,2024,2,30
105,control,pre,814,82,31,2023,4,13
689,treatment,pre,959,107,16,2023,1,20
306,control,post,914,97,20,2024,1,13
827,treatment,pre,1113,72,18,2023,2,7
63,control,pre,980,126,23,2023,1,28
853,treatment,pre,911,66,32,2023,2,18
354,control,post,886,56,24,2024,2,22
224,control,pre,1059,96,15,2023,3,10
146,control,pre,919,149,33,2023,3,23
89,control,post,892,106,27,2024,4,16
374,control,pre,960,129,16,2023,1,5
421,control,post,868,121,33,2024,4,13
143,control,post,821,63,28,2024,3,8
827,treatment,post,1324,74,35,2024,2,30
495,control,post,918,66,35,2024,3,14
602,treatment,post,1093,150,32,2024,4,27
271,control,post,926,137,34,2024,2,14
10,control,pre,857,50,20,2023,3,12
450,control,pre,1031,89,18,2023,3,30
709,treatment,pre,1166,86,24,2023,1,9
256,control,pre,889,63,23,2023,2,19
883,treatment,pre,1067,146,29,2023,1,29
390,control,pre,987,77,24,2023,2,5
909,treatment,pre,1134,74,32,2023,4,7
925,treatment,pre,1194,152,29,2023,3,21
704,treatment,post,1063,131,35,2024,2,16
233,control,post,903,70,35,2024,3,12
461,control,pre,1033,66,18,2023,3,6
270,control,post,1001,66,22,2024,1,16
760,treatment,post,1360,104,24,2024,1,14
169,control,post,926,60,33,2024,2,30
959,treatment,pre,1249,90,24,2023,2,7
502,treatment,pre,999,96,16,2023,4,9
740,treatment,pre,962,128,31,2023,2,30
850,treatment,post,1220,89,35,2024,1,23
869,treatment,pre,916,123,19,2023,4,21
732,treatment,pre,1028,80,35,2023,3,24
540,treatment,pre,899,122,18,2023,4,5
202,control,post,1008,85,18,2024,4,27
698,treatment,pre,884,141,30,2023,2,6
393,control,post,1204,126,19,2024,3,7
377,control,post,923,54,32,2024,1,17
146,control,post,1012,91,25,2024,4,25
32,control,post,1107,150,28,2024,4,15
373,control,pre,1038,69,15,2023,3,27
668,treatment,pre,1064,137,30,2023,4,27
526,treatment,post,1254,71,31,2024,1,29
358,control,pre,904,60,20,2023,2,30
968,treatment,pre,1102,100,21,2023,1,15
784,treatment,pre,904,60,34,2023,2,6
736,treatment,pre,1228,107,20,2023,2,6
36,control,post,878,57,23,2024,4,30
971,treatment,pre,921,72,28,2023,1,15
525,treatment,post,1369,78,20,2024,2,16
487,control,post,1029,82,25,2024,4,24
524,treatment,post,1399,113,37,2024,2,18
491,control,post,953,69,25,2024,2,16
643,treatment,post,1133,89,30,2024,2,30
253,control,post,844,83,19,2024,2,12
694,treatment,post,1262,126,38,2024,3,14
750,treatment,post,1075,134,34,2024,4,24
237,control,post,1027,55,17,2024,1,30
886,treatment,pre,1189,135,17,2023,3,27
80,control,pre,1112,56,17,2023,4,5
173,control,post,951,80,21,2024,3,25
815,treatment,pre,968,93,18,2023,1,27
286,control,post,1130,92,31,2024,1,16
672,treatment,pre,1125,118,28,2023,4,28
532,treatment,post,1390,152,29,2024,1,19
58,control,pre,1005,83,33,2023,2,23
134,control,pre,1121,73,27,2023,3,21
141,control,post,1069,99,24,2024,2,11
934,treatment,pre,922,152,32,2023,4,11
685,treatment,post,1417,123,30,2024,2,29
824,treatment,pre,945,71,32,2023,4,23
215,control,post,1171,147,23,2024,2,9
505,treatment,pre,961,145,31,2023,4,20
775,treatment,post,1236,109,38,2024,4,23
348,control,pre,1156,107,31,2023,3,16
387,control,pre,911,127,17,2023,3,24
25,control,post,1136,87,32,2024,4,24
895,treatment,pre,1198,106,18,2023,4,18
829,treatment,pre,1184,106,16,2023,2,27
893,treatment,post,1143,126,30,2024,1,12
476,control,pre,1095,149,24,2023,4,13
471,control,post,1034,130,18,2024,2,9
448,control,post,1081,87,19,2024,3,16
582,treatment,post,1164,85,35,2024,4,26
653,treatment,pre,860,101,27,2023,4,24
173,control,pre,888,85,17,2023,4,12
150,control,post,1088,139,33,2024,2,27
39,control,pre,1180,99,31,2023,2,11
714,treatment,pre,1111,135,28,2023,3,23
91,control,pre,803,134,21,2023,3,13
937,treatment,post,1278,86,29,2024,2,20
206,control,post,1097,98,27,2024,4,14
876,treatment,pre,1128,152,33,2023,4,7
352,control,post,1216,126,27,2024,3,5
890,treatment,post,1184,101,24,2024,3,24
94,control,post,1006,55,20,2024,4,26
156,control,post,960,101,26,2024,3,28
782,treatment,post,1394,156,33,2024,4,25
959,treatment,post,1202,111,21,2024,2,15
500,control,pre,832,81,27,2023,4,23
339,control,pre,862,128,25,2023,3,6
189,control,post,908,123,19,2024,3,12
29,control,pre,802,66,31,2023,4,7
218,control,post,847,139,35,2024,2,21
400,control,post,864,58,30,2024,2,22
821,treatment,post,1448,153,37,2024,1,16
946,treatment,pre,1091,105,31,2023,2,20
170,control,pre,863,122,26,2023,3,28
405,control,post,1138,132,18,2024,4,13
198,control,post,1074,93,32,2024,4,10
254,control,post,1021,122,27,2024,1,18
614,treatment,post,1266,93,34,2024,4,8
913,treatment,pre,1235,84,31,2023,1,6
492,control,pre,999,98,30,2023,3,25
954,treatment,pre,1006,100,28,2023,3,23
98,control,post,1034,79,19,2024,1,18
33,control,post,913,109,26,2024,3,30
588,treatment,pre,1100,80,33,2023,3,19
751,treatment,pre,1145,153,20,2023,2,11
658,treatment,pre,873,127,21,2023,1,8
235,control,pre,994,102,23,2023,4,23
733,treatment,pre,1158,134,16,2023,1,13
989,treatment,post,1423,135,31,2024,1,22
633,treatment,post,1384,142,22,2024,2,23
157,control,post,849,86,35,2024,4,9
470,control,post,1125,134,23,2024,4,15
425,control,post,1072,127,29,2024,4,12
628,treatment,post,1241,120,33,2024,2,6
935,treatment,pre,876,65,34,2023,2,13
210,control,post,921,58,28,2024,4,13
66,control,post,1037,106,23,2024,2,8
109,control,pre,827,119,15,2023,1,24
543,treatment,post,1332,130,22,2024,1,5
569,treatment,pre,1092,72,20,2023,2,24
168,control,post,1138,69,30,2024,3,17
175,control,post,967,98,18,2024,1,12
891,treatment,pre,940,126,22,2023,2,29
948,treatment,pre,997,135,20,2023,4,7
49,control,post,1194,107,16,2024,4,17
353,control,post,926,68,20,2024,2,25
778,treatment,post,1141,128,34,2024,1,11
447,control,post,1007,60,29,2024,3,26
885,treatment,pre,937,98,17,2023,4,18
673,treatment,post,1299,125,34,2024,2,5
851,treatment,pre,943,101,22,2023,1,15
735,treatment,pre,1075,145,26,2023,3,6
718,treatment,pre,1156,119,27,2023,1,14
455,control,pre,1102,71,27,2023,4,19
265,control,pre,1160,145,31,2023,3,25
76,control,pre,986,101,21,2023,2,25
658,treatment,post,1113,138,30,2024,4,24
445,control,pre,803,55,16,2023,3,13
396,control,pre,877,133,27,2023,4,22
177,control,pre,897,132,17,2023,3,28
43,control,post,860,91,27,2024,2,16
736,treatment,post,1367,100,30,2024,2,21
402,control,post,873,114,35,2024,2,19
381,control,post,1027,110,22,2024,3,19
596,treatment,pre,1172,138,30,2023,2,29
62,control,pre,958,75,27,2023,2,26
297,control,post,944,76,16,2024,1,20
873,treatment,pre,966,118,32,2023,3,16
490,control,post,1134,120,19,2024,4,9
879,treatment,post,1300,72,36,2024,3,12
279,control,pre,884,109,28,2023,3,5
37,control,pre,1161,53,29,2023,3,16
976,treatment,post,1244,80,36,2024,1,17
663,treatment,pre,1165,82,20,2023,1,14
954,treatment,post,1197,71,30,2024,4,23
445,control,post,1096,142,18,2024,1,24
978,treatment,pre,1104,65,25,2023,3,17
572,treatment,post,1119,137,37,2024,2,19
739,treatment,pre,997,117,20,2023,2,24
192,control,pre,1187,72,29,2023,1,7
920,treatment,pre,1128,146,31,2023,1,9
457,control,pre,1043,134,32,2023,4,23
676,treatment,pre,1044,122,26,2023,2,10
761,treatment,pre,1036,120,31,2023,2,27
808,treatment,post,1421,88,29,2024,2,20
603,treatment,post,1396,78,35,2024,3,7
729,treatment,pre,956,98,29,2023,2,28
413,control,pre,1086,149,18,2023,1,20
99,control,post,1160,142,24,2024,4,19
826,treatment,pre,963,128,26,2023,3,6
640,treatment,post,1121,150,35,2024,4,8
617,treatment,pre,1152,131,35,2023,1,17
115,control,pre,899,59,25,2023,1,26
418,control,pre,984,139,29,2023,2,8
911,treatment,post,1444,91,30,2024,1,12
970,treatment,pre,941,113,35,2023,3,27
605,treatment,pre,927,122,34,2023,4,11
919,treatment,post,1273,169,26,2024,1,25
90,control,pre,1142,140,15,2023,3,16
849,treatment,pre,872,144,24,2023,1,24
520,treatment,post,1117,80,20,2024,4,29
918,treatment,post,1416,95,37,2024,3,8
754,treatment,pre,929,74,17,2023,4,22
499,control,pre,952,58,26,2023,4,17
277,control,post,826,72,19,2024,4,14
326,control,post,1113,137,16,2024,4,20
12,control,pre,1025,80,21,2023,3,27
397,control,pre,989,67,28,2023,3,15
285,control,pre,949,127,28,2023,2,25
67,control,post,822,95,19,2024,4,30
192,control,post,1109,87,26,2024,1,24
745,treatment,post,1426,145,20,2024,2,23
691,treatment,pre,997,104,25,2023,4,25
753,treatment,post,1214,123,24,2024,4,30
876,treatment,post,1377,124,26,2024,3,8
690,treatment,pre,1038,81,25,2023,1,29
852,treatment,pre,855,145,32,2023,1,6
160,control,pre,876,113,17,2023,4,23
896,treatment,pre,967,101,29,2023,2,20
576,treatment,post,1085,95,27,2024,2,16
258,control,pre,844,127,25,2023,4,10
336,control,pre,928,65,16,2023,1,21
880,treatment,post,1211,115,38,2024,2,6
40,control,post,925,91,29,2024,1,16
516,treatment,pre,1180,83,34,2023,2,7
349,control,post,1142,69,21,2024,2,17
16,control,post,1107,71,29,2024,3,18
769,treatment,pre,909,150,31,2023,1,8
747,treatment,post,1082,101,28,2024,4,10
762,treatment,pre,1100,59,29,2023,3,27
247,control,post,962,90,23,2024,2,9
204,control,post,1074,79,29,2024,2,6
468,control,post,902,122,23,2024,4,29
984,treatment,post,1174,103,28,2024,1,5
522,treatment,pre,1243,140,30,2023,4,30
23,control,pre,1053,116,21,2023,2,20
357,control,pre,928,139,26,2023,3,26
278,control,post,878,135,24,2024,3,18
313,control,post,1168,146,24,2024,1,19
683,treatment,post,1444,168,23,2024,1,16
341,control,pre,861,107,33,2023,3,10
432,control,pre,839,136,34,2023,3,8
474,control,pre,1179,53,28,2023,2,8
218,control,pre,1051,137,33,2023,3,17
912,treatment,pre,1100,74,16,2023,1,22
228,control,post,955,124,25,2024,3,22
597,treatment,post,1252,118,27,2024,3,28
12,control,post,1037,124,20,2024,1,17
950,treatment,post,1260,157,29,2024,1,12
94,control,pre,949,97,29,2023,2,7
9,control,post,1106,86,18,2024,1,10
71,control,post,928,122,28,2024,2,25
93,control,post,1055,124,24,2024,4,7
915,treatment,post,1114,128,21,2024,3,11
309,control,post,842,125,20,2024,1,13
697,treatment,pre,940,92,22,2023,1,22
828,treatment,post,1254,150,34,2024,3,16
997,treatment,pre,1230,55,22,2023,4,5
154,control,pre,1190,104,18,2023,1,14
100,control,post,1108,137,33,2024,1,5
719,treatment,post,1159,125,21,2024,4,19
998,treatment,post,1282,124,37,2024,4,16
790,treatment,pre,1116,144,23,2023,3,27
581,treatment,pre,1060,84,22,2023,3,8
704,treatment,pre,1170,58,22,2023,1,9
213,control,post,1210,100,35,2024,4,5
296,control,post,1101,70,23,2024,3,27
666,treatment,post,1362,159,31,2024,2,14
261,control,post,1148,90,32,2024,1,13
488,control,pre,979,77,18,2023,2,12
560,treatment,pre,973,90,18,2023,4,13
142,control,post,986,120,20,2024,4,5
120,control,post,1152,118,27,2024,4,25
802,treatment,pre,1175,72,31,2023,4,25
513,treatment,pre,851,85,26,2023,2,17
634,treatment,pre,1194,74,30,2023,1,22
922,treatment,post,1297,78,31,2024,3,29
788,treatment,post,1443,144,25,2024,1,27
546,treatment,post,1419,142,22,2024,1,5
151,control,post,1040,68,25,2024,4,12
791,treatment,pre,938,125,24,2023,3,26
117,control,pre,1103,77,32,2023,1,12
741,treatment,pre,1222,141,29,2023,3,11
691,treatment,post,1205,108,34,2024,4,11
82,control,post,876,84,32,2024,4,21
831,treatment,pre,1026,146,27,2023,1,14
120,control,pre,1160,71,22,2023,2,15
657,treatment,pre,911,137,19,2023,4,5
908,treatment,post,1064,105,33,2024,3,23
636,treatment,pre,1124,69,28,2023,1,16
370,control,pre,802,138,31,2023,3,24
269,control,pre,823,117,33,2023,2,26
656,treatment,pre,1211,115,17,2023,2,12
936,treatment,pre,1008,86,19,2023,2,25
823,treatment,pre,1066,141,27,2023,2,7
867,treatment,pre,1169,148,25,2023,3,20
47,control,pre,1090,91,19,2023,1,22
374,control,post,1106,88,28,2024,4,12
709,treatment,post,1219,120,27,2024,3,7
992,treatment,pre,930,111,19,2023,4,22
877,treatment,pre,1004,70,28,2023,4,21
774,treatment,pre,1100,113,18,2023,4,18
220,control,post,823,57,17,2024,1,24
1000,treatment,post,1137,99,26,2024,2,20
5,control,pre,1030,101,26,2023,1,5
4,control,post,838,68,25,2024,3,5
724,treatment,post,1248,135,36,2024,2,17
264,control,pre,861,65,20,2023,2,18
570,treatment,post,1164,155,29,2024,4,21
831,treatment,post,1072,133,30,2024,4,30
444,control,pre,1098,117,24,2023,3,25
3,control,post,1198,114,24,2024,4,30
78,control,post,997,89,35,2024,1,19
838,treatment,pre,873,63,35,2023,3,19
791,treatment,post,1293,156,24,2024,3,17
305,control,pre,839,125,26,2023,2,25
366,control,post,1064,81,35,2024,4,27
558,treatment,post,1359,119,35,2024,3,19
314,control,pre,933,55,25,2023,2,19
150,control,pre,858,117,29,2023,4,20
149,control,post,909,123,29,2024,1,27
214,control,post,1142,150,17,2024,2,25
575,treatment,pre,1225,84,30,2023,3,6
51,control,pre,906,95,34,2023,3,29
553,treatment,post,1217,104,36,2024,3,15
727,treatment,pre,1186,118,19,2023,4,30
834,treatment,pre,1062,120,21,2023,2,28
378,control,post,1005,143,27,2024,3,5
116,control,post,946,112,28,2024,3,18
167,control,post,1092,150,29,2024,2,13
471,control,pre,940,105,19,2023,4,9
972,treatment,pre,1051,119,35,2023,4,15
654,treatment,pre,1126,136,22,2023,2,25
400,control,pre,1023,133,25,2023,3,12
512,treatment,pre,866,67,31,2023,4,25
321,control,pre,917,129,24,2023,1,7
20,control,pre,911,69,22,2023,1,20
685,treatment,pre,943,66,30,2023,3,29
36,control,pre,935,65,25,2023,4,27
903,treatment,pre,988,72,31,2023,3,15
779,treatment,post,1329,92,36,2024,2,26
828,treatment,pre,1132,113,29,2023,2,11
854,treatment,post,1182,151,24,2024,1,6
408,control,pre,1168,79,31,2023,4,19
921,treatment,pre,949,90,32,2023,1,5
538,treatment,pre,1045,78,22,2023,1,5
759,treatment,pre,1224,86,27,2023,2,30
905,treatment,post,1441,162,34,2024,2,17
63,control,post,826,128,29,2024,4,10
200,control,post,944,76,30,2024,4,10
246,control,pre,1155,147,30,2023,4,24
417,control,post,850,79,24,2024,4,18
128,control,post,970,133,35,2024,1,12
785,treatment,pre,1040,130,28,2023,4,20
743,treatment,post,1327,164,22,2024,2,5
490,control,pre,1120,102,31,2023,2,5
155,control,pre,865,73,27,2023,3,10
962,treatment,pre,1088,98,34,2023,4,25
854,treatment,pre,984,83,30,2023,3,8
312,control,post,1066,147,28,2024,2,8
626,treatment,pre,1191,114,20,2023,3,29
686,treatment,pre,870,71,28,2023,4,28
562,treatment,post,1308,129,25,2024,3,18
570,treatment,pre,950,87,30,2023,2,29
909,treatment,post,1160,141,33,2024,4,5
18,control,pre,832,134,31,2023,4,9
128,control,pre,1056,103,19,2023,1,7
347,control,post,941,121,34,2024,3,21
280,control,post,1189,111,26,2024,4,5
969,treatment,post,1165,70,20,2024,3,19
928,treatment,pre,909,97,23,2023,3,5
981,treatment,pre,896,68,17,2023,3,19
965,treatment,post,1088,132,35,2024,2,21
191,control,pre,1194,74,20,2023,4,29
140,control,post,1137,145,18,2024,2,26
993,treatment,pre,1209,118,26,2023,3,25
956,treatment,post,1387,155,37,2024,4,21
657,treatment,post,1424,129,31,2024,3,15
607,treatment,pre,1004,114,31,2023,4,26
181,control,pre,946,122,24,2023,4,5
302,control,pre,883,85,31,2023,3,15
497,control,pre,1007,87,26,2023,4,18
721,treatment,post,1304,94,27,2024,1,11
710,treatment,post,1226,161,30,2024,2,9
888,treatment,post,1232,93,35,2024,4,24
992,treatment,post,1340,151,31,2024,2,28
518,treatment,pre,1011,84,27,2023,3,26
985,treatment,post,1101,116,20,2024,4,11
70,control,post,1127,110,30,2024,2,26
477,control,pre,1108,61,28,2023,4,23
158,control,pre,840,89,20,2023,2,13
244,control,post,885,133,18,2024,1,28
196,control,post,954,72,32,2024,4,10
17,control,pre,873,109,24,2023,1,13
536,treatment,post,1209,88,33,2024,2,29
73,control,post,844,151,27,2024,3,20
972,treatment,post,1325,166,20,2024,1,7
547,treatment,pre,1218,79,27,2023,4,6
540,treatment,post,1223,88,23,2024,1,19
659,treatment,pre,1024,63,26,2023,2,8
626,treatment,post,1115,151,21,2024,2,28
20,control,post,994,92,16,2024,4,9
663,treatment,post,1401,96,38,2024,1,5
505,treatment,post,1309,144,28,2024,1,21
960,treatment,pre,917,62,29,2023,4,18
882,treatment,post,1200,147,39,2024,2,9
284,control,pre,804,129,22,2023,3,20
798,treatment,pre,1019,72,32,2023,2,19
627,treatment,post,1371,74,36,2024,4,29
226,control,pre,1019,87,20,2023,4,10
27,control,pre,1105,60,30,2023,1,15
771,treatment,post,1186,133,33,2024,3,18
438,control,pre,1023,68,34,2023,2,15
949,treatment,post,1189,140,37,2024,4,13
389,control,post,1003,77,20,2024,4,6
230,control,pre,1105,89,29,2023,3,18
38,control,pre,899,134,28,2023,4,7
750,treatment,pre,937,98,34,2023,4,29
46,control,post,1199,97,32,2024,4,26
399,control,post,1097,129,33,2024,2,6
470,control,pre,948,108,29,2023,1,10
693,treatment,post,1370,163,30,2024,4,23
968,treatment,post,1066,151,25,2024,3,25
688,treatment,pre,1133,92,18,2023,4,16
844,treatment,post,1392,89,26,2024,2,16
640,treatment,pre,982,58,34,2023,2,6
713,treatment,post,1086,131,30,2024,4,5
219,control,post,1020,69,35,2024,2,9
159,control,post,1001,76,17,2024,1,23
416,control,post,1115,122,27,2024,2,7
528,treatment,post,1074,103,27,2024,1,16
656,treatment,post,1317,154,33,2024,2,8
301,control,post,838,114,32,2024,2,16
823,treatment,post,1337,122,22,2024,2,10
801,treatment,pre,1122,58,19,2023,4,17
604,treatment,post,1153,152,35,2024,3,25
161,control,pre,953,83,31,2023,4,20
957,treatment,pre,1031,65,16,2023,3,7
187,control,post,848,135,23,2024,2,22
822,treatment,pre,1117,117,20,2023,3,15
682,treatment,post,1433,87,21,2024,3,5
878,treatment,pre,1237,108,30,2023,2,22
914,treatment,pre,1161,122,32,2023,4,29
153,control,pre,1006,126,34,2023,4,12
871,treatment,post,1181,131,30,2024,2,28
777,treatment,post,1057,152,38,2024,2,21
510,treatment,pre,986,121,26,2023,4,18
136,control,post,1036,146,16,2024,3,20
251,control,post,1027,85,30,2024,4,14
684,treatment,post,1256,91,28,2024,1,27
104,control,pre,887,75,19,2023,1,12
446,control,post,1208,81,28,2024,4,17
444,control,post,1014,63,35,2024,1,13
587,treatment,pre,853,139,26,2023,1,7
769,treatment,post,1309,79,28,2024,1,18
144,control,post,990,77,27,2024,1,10
54,control,pre,1131,109,19,2023,3,18
152,control,pre,808,109,32,2023,2,16
404,control,pre,1185,95,20,2023,4,8
943,treatment,post,1069,136,31,2024,2,8
208,control,pre,912,148,19,2023,3,30
895,treatment,post,1073,165,39,2024,1,25
123,control,post,1015,141,20,2024,4,12
891,treatment,post,1287,106,29,2024,3,11
9,control,pre,923,122,27,2023,3,28
15,control,post,998,86,26,2024,4,8
907,treatment,post,1109,89,28,2024,3,22
61,control,post,911,112,34,2024,1,11
453,control,pre,979,119,21,2023,2,11
254,control,pre,1015,113,25,2023,4,16
328,control,post,876,68,22,2024,1,25
897,treatment,pre,1240,145,28,2023,4,26
734,treatment,post,1110,120,31,2024,3,21
881,treatment,pre,1184,68,32,2023,4,21
596,treatment,post,1398,108,37,2024,2,5
889,treatment,post,1389,116,37,2024,1,25
624,treatment,pre,995,62,32,2023,2,27
346,control,pre,1022,82,28,2023,2,12
703,treatment,post,1158,131,31,2024,1,9
263,control,pre,908,58,29,2023,1,11
635,treatment,post,1140,163,35,2024,4,26
322,control,post,1082,91,30,2024,4,12
439,control,post,952,139,26,2024,3,11
151,control,pre,877,103,23,2023,4,28
473,control,pre,1038,91,30,2023,3,20
641,treatment,pre,1218,104,28,2023,3,16
983,treatment,post,1367,86,37,2024,4,20
883,treatment,post,1130,82,28,2024,2,17
551,treatment,pre,1221,92,27,2023,2,10
780,treatment,post,1396,149,32,2024,3,16
929,treatment,pre,1032,124,26,2023,3,30
489,control,pre,1111,76,34,2023,3,6
812,treatment,post,1205,168,30,2024,4,10
172,control,post,834,129,16,2024,2,22
147,control,pre,1177,75,30,2023,3,13
705,treatment,post,1315,161,24,2024,4,8
929,treatment,post,1439,149,25,2024,3,26
403,control,pre,816,134,32,2023,4,6
955,treatment,pre,1134,134,29,2023,4,25
878,treatment,post,1419,96,38,2024,2,22
660,treatment,pre,915,74,24,2023,1,26
373,control,post,1003,89,32,2024,2,5
464,control,pre,914,105,31,2023,3,10
350,control,post,870,78,35,2024,2,18
187,control,pre,862,54,18,2023,1,29
148,control,post,1214,151,31,2024,2,6
225,control,post,943,124,26,2024,1,15
609,treatment,pre,1036,68,34,2023,1,22
144,control,pre,1119,139,27,2023,3,24
752,treatment,pre,1220,103,29,2023,3,5
535,treatment,post,1426,106,27,2024,2,18
982,treatment,pre,916,149,16,2023,4,21
198,control,pre,910,88,28,2023,2,24
634,treatment,post,1259,75,22,2024,3,8
884,treatment,pre,1048,152,20,2023,4,12
280,control,pre,1035,80,31,2023,4,5
294,control,pre,1057,77,23,2023,2,8
824,treatment,post,1395,100,35,2024,1,12
401,control,pre,827,92,29,2023,3,22
123,control,pre,846,81,19,2023,1,20
208,control,post,1097,118,20,2024,4,8
203,control,pre,1112,72,33,2023,2,19
463,control,post,939,81,35,2024,3,11
836,treatment,pre,1001,93,30,2023,1,30
247,control,pre,1025,79,21,2023,3,8
440,control,post,1054,92,20,2024,3,11
754,treatment,post,1379,168,27,2024,2,10
902,treatment,post,1392,120,30,2024,3,7
708,treatment,post,1307,109,24,2024,1,17
881,treatment,post,1329,81,22,2024,3,21
154,control,post,930,91,20,2024,1,30
662,treatment,post,1144,126,39,2024,2,8
427,control,post,1209,119,22,2024,1,15
385,control,pre,1019,81,27,2023,2,6
759,treatment,post,1112,164,25,2024,1,19
855,treatment,pre,1056,108,32,2023,1,5
590,treatment,post,1419,111,30,2024,3,15
220,control,pre,1122,113,23,2023,3,30
642,treatment,pre,1112,84,27,2023,4,13
2,control,pre,1182,103,23,2023,3,21
113,control,pre,1155,118,34,2023,4,16
699,treatment,pre,998,152,29,2023,3,26
916,treatment,post,1319,88,27,2024,1,25
952,treatment,pre,926,153,23,2023,1,30
649,treatment,post,1187,114,29,2024,4,15
637,treatment,post,1426,105,29,2024,1,30
886,treatment,post,1370,125,29,2024,4,21
411,control,post,1155,132,33,2024,3,21
410,control,post,1209,141,31,2024,1,27
534,treatment,post,1234,87,33,2024,4,12
292,control,post,1102,128,25,2024,3,14
809,treatment,post,1193,117,25,2024,2,20
442,control,pre,1033,66,32,2023,4,26
521,treatment,post,1082,114,34,2024,1,8
137,control,post,830,130,34,2024,3,29
716,treatment,post,1425,139,32,2024,2,16
257,control,post,1033,121,26,2024,4,30
864,treatment,post,1436,131,36,2024,4,20
632,treatment,post,1309,139,36,2024,1,23
696,treatment,post,1347,145,31,2024,2,27
398,control,post,913,65,17,2024,1,15
664,treatment,pre,1132,110,32,2023,4,12
836,treatment,post,1110,94,22,2024,2,11
258,control,post,924,56,27,2024,4,20
774,treatment,post,1212,77,38,2024,3,17
701,treatment,post,1090,155,33,2024,3,30
318,control,pre,877,119,19,2023,4,26
649,treatment,pre,946,84,29,2023,1,29
435,control,post,1054,126,29,2024,3,20
480,control,post,1198,97,35,2024,1,21
710,treatment,pre,963,109,16,2023,4,7
383,control,post,998,146,29,2024,4,7
283,control,post,963,133,17,2024,4,7
973,treatment,pre,855,57,21,2023,2,26
628,treatment,pre,894,78,23,2023,1,13
633,treatment,pre,949,106,18,2023,1,24
307,control,post,1069,117,24,2024,3,29
401,control,post,1212,112,33,2024,1,8
409,control,post,1162,109,30,2024,4,17
249,control,post,957,129,24,2024,4,7
953,treatment,post,1225,115,23,2024,3,9
255,control,post,996,90,19,2024,3,30
497,control,post,1169,75,35,2024,4,19
372,control,post,883,73,34,2024,3,6
530,treatment,post,1371,123,25,2024,1,8
664,treatment,post,1175,98,30,2024,1,23
355,control,post,920,91,23,2024,4,18
926,treatment,post,1392,148,20,2024,2,22
901,treatment,post,1297,129,37,2024,2,16
644,treatment,post,1099,154,21,2024,2,21
849,treatment,post,1406,104,31,2024,1,30
796,treatment,pre,1008,57,28,2023,4,16
646,treatment,pre,1105,95,26,2023,3,15
13,control,post,1095,150,35,2024,4,24
840,treatment,post,1236,86,30,2024,4,15
557,treatment,pre,946,145,35,2023,1,21
682,treatment,pre,1232,122,35,2023,1,30
578,treatment,pre,1149,127,25,2023,1,24
110,control,post,866,73,26,2024,1,11
267,control,post,999,147,20,2024,4,26
723,treatment,post,1277,135,38,2024,4,30
184,control,post,1004,127,32,2024,1,25
525,treatment,pre,1128,84,29,2023,1,27
60,control,post,1191,64,22,2024,4,13
541,treatment,pre,1062,94,17,2023,2,16
195,control,post,1013,116,26,2024,1,30
679,treatment,post,1428,161,20,2024,3,9
749,treatment,pre,888,124,23,2023,1,6
852,treatment,post,1148,121,27,2024,1,9
431,control,post,1066,131,32,2024,4,14
485,control,pre,980,140,15,2023,2,24
758,treatment,post,1216,143,29,2024,2,22
96,control,pre,1154,58,26,2023,1,13
21,control,post,931,102,30,2024,4,5
564,treatment,pre,1203,119,19,2023,2,30
265,control,post,997,58,26,2024,2,27
743,treatment,pre,892,103,20,2023,1,25
864,treatment,pre,944,65,24,2023,4,30
599,treatment,post,1227,164,24,2024,3,9
715,treatment,post,1133,122,36,2024,2,6
485,control,post,884,110,19,2024,2,15
892,treatment,pre,1140,55,23,2023,4,15
578,treatment,post,1190,108,21,2024,3,23
39,control,post,1165,90,34,2024,1,15
207,control,pre,1125,77,17,2023,1,5
393,control,pre,870,149,26,2023,4,14
795,treatment,pre,1194,141,33,2023,4,30
871,treatment,pre,1156,144,22,2023,1,11
398,control,pre,1048,100,25,2023,2,22
767,treatment,pre,860,146,35,2023,3,10
842,treatment,post,1286,166,28,2024,4,13
242,control,post,961,134,25,2024,3,22
29,control,post,1162,83,27,2024,1,12
793,treatment,post,1309,140,20,2024,1,11
643,treatment,pre,1004,71,18,2023,1,30
892,treatment,post,1100,75,22,2024,1,23
613,treatment,pre,1224,102,28,2023,4,27
763,treatment,post,1069,91,37,2024,1,24
961,treatment,pre,1159,81,19,2023,1,11
571,treatment,post,1360,143,39,2024,1,8
726,treatment,pre,1219,149,25,2023,3,7
684,treatment,pre,1242,99,18,2023,2,12
99,control,pre,1059,103,20,2023,2,28
805,treatment,pre,951,133,29,2023,2,20
752,treatment,post,1144,165,38,2024,3,27
598,treatment,post,1366,138,29,2024,2,18
407,control,pre,1055,54,31,2023,1,30
503,treatment,pre,861,82,23,2023,3,26
72,control,post,1158,64,35,2024,3,18
57,control,post,1216,57,19,2024,3,7
930,treatment,pre,1115,76,30,2023,1,20
780,treatment,pre,1063,132,31,2023,4,21
201,control,pre,1006,94,28,2023,1,19
135,control,pre,1172,143,23,2023,4,12
52,control,post,1074,124,29,2024,1,25
41,control,pre,980,84,17,2023,3,16
18,control,post,1197,98,16,2024,3,10
231,control,pre,1143,65,34,2023,3,27
514,treatment,post,1249,109,35,2024,3,6
797,treatment,post,1411,156,27,2024,4,16
379,control,pre,1033,143,33,2023,4,6
289,control,pre,906,63,18,2023,4,24
419,control,pre,1056,147,31,2023,3,8
699,treatment,post,1105,95,20,2024,4,17
392,control,pre,1087,146,31,2023,2,5
593,treatment,pre,1035,149,18,2023,3,5
523,treatment,post,1237,105,25,2024,4,12
163,control,post,1112,61,24,2024,4,17
87,control,post,911,69,23,2024,1,9
496,control,post,1132,138,18,2024,4,8
648,treatment,pre,959,102,21,2023,4,24
153,control,post,1201,93,29,2024,1,22
368,control,post,998,67,26,2024,1,18
521,treatment,pre,945,66,35,2023,1,24
863,treatment,post,1145,77,38,2024,1,7
65,control,pre,1165,50,32,2023,4,18
837,treatment,post,1332,88,34,2024,3,22
15,control,pre,926,68,19,2023,2,28
181,control,post,906,132,28,2024,2,20
65,control,post,1119,63,32,2024,3,24
493,control,pre,1126,142,29,2023,3,28
380,control,pre,1019,104,23,2023,1,22
188,control,pre,995,62,26,2023,1,21
764,treatment,pre,1096,145,23,2023,4,18
217,control,pre,1007,53,17,2023,4,13
792,treatment,pre,1008,92,25,2023,2,24
77,control,post,1196,59,26,2024,3,16
879,treatment,pre,1174,134,30,2023,3,11
338,control,pre,837,133,22,2023,3,5
773,treatment,post,1324,146,23,2024,4,5
720,treatment,pre,852,100,20,2023,2,7
749,treatment,post,1129,154,24,2024,4,28
296,control,pre,1078,67,18,2023,2,28
726,treatment,post,1227,87,34,2024,3,9
17,control,post,1121,58,26,2024,1,21
276,control,post,967,142,25,2024,4,21
751,treatment,post,1192,113,39,2024,2,18
486,control,post,924,63,28,2024,1,17
456,control,pre,1186,102,30,2023,2,28
997,treatment,post,1388,142,27,2024,4,19
816,treatment,pre,916,115,17,2023,2,14
887,treatment,post,1371,132,30,2024,3,18
270,control,pre,1118,149,17,2023,4,8
996,treatment,pre,1175,137,31,2023,2,14
202,control,pre,1141,124,28,2023,1,12
162,control,pre,923,136,34,2023,2,13
580,treatment,post,1115,126,38,2024,1,29
730,treatment,pre,1146,63,31,2023,3,20
402,control,pre,1121,146,28,2023,3,6
703,treatment,pre,1046,79,24,2023,3,13
501,treatment,post,1273,119,34,2024,2,12
846,treatment,post,1336,144,38,2024,1,12
796,treatment,post,1129,79,34,2024,2,19
130,control,post,1145,70,18,2024,3,11
566,treatment,pre,1055,59,30,2023,2,22
414,control,post,1022,88,25,2024,4,15
22,control,post,913,138,19,2024,4,11
26,control,post,838,115,30,2024,1,12
412,control,post,923,143,19,2024,2,22
896,treatment,post,1278,140,22,2024,3,13
586,treatment,post,1289,142,35,2024,4,24
105,control,post,1159,114,32,2024,4,9
206,control,pre,1188,100,26,2023,2,5
35,control,pre,976,92,17,2023,2,14
776,treatment,pre,1202,137,31,2023,1,28
509,treatment,pre,1083,72,33,2023,2,30
452,control,post,850,113,22,2024,1,24
479,control,post,1157,59,34,2024,2,25
971,treatment,post,1090,133,30,2024,1,26
391,control,post,1204,129,35,2024,1,18
92,control,pre,867,82,22,2023,3,20
364,control,post,1111,123,23,2024,3,12
898,treatment,pre,897,131,30,2023,2,15
565,treatment,pre,1057,146,22,2023,2,16
370,control,post,1174,73,31,2024,2,17
777,treatment,pre,995,79,16,2023,3,7
242,control,pre,867,75,15,2023,2,6
14,control,pre,913,73,31,2023,3,26
316,control,pre,881,125,32,2023,4,15
601,treatment,pre,1215,148,22,2023,1,15
388,control,pre,821,139,25,2023,3,18
298,control,post,1198,125,20,2024,1,19
167,control,pre,1047,55,22,2023,4,17
841,treatment,pre,1136,127,21,2023,4,11
21,control,pre,1139,75,31,2023,3,20
647,treatment,pre,1034,77,33,2023,1,25
843,treatment,post,1170,140,28,2024,2,23
509,treatment,post,1420,109,30,2024,4,30
155,control,post,1178,151,19,2024,1,15
529,treatment,post,1416,133,30,2024,4,19
832,treatment,pre,972,75,35,2023,1,19
268,control,post,1041,117,17,2024,1,13
591,treatment,post,1131,102,25,2024,2,16
900,treatment,post,1300,101,26,2024,2,21
563,treatment,pre,1063,111,23,2023,2,20
952,treatment,post,1204,73,37,2024,4,28
687,treatment,pre,965,103,25,2023,1,10
958,treatment,pre,896,114,33,2023,4,13
190,control,pre,892,83,20,2023,2,8
807,treatment,post,1410,86,27,2024,3,19
976,treatment,pre,1120,56,25,2023,1,30
700,treatment,pre,1209,152,17,2023,3,23
500,control,post,870,145,18,2024,1,20
706,treatment,post,1088,95,34,2024,2,18
511,treatment,pre,1062,152,32,2023,4,30
83,control,post,1068,108,24,2024,4,28
475,control,pre,861,128,24,2023,1,21
585,treatment,post,1141,74,37,2024,4,22
857,treatment,pre,1095,64,20,2023,2,29
748,treatment,pre,969,151,19,2023,3,18
253,control,pre,1124,89,31,2023,3,11
22,control,pre,1134,56,34,2023,2,22
338,control,post,889,98,29,2024,2,8
460,control,pre,808,74,22,2023,4,29
185,control,post,924,93,23,2024,3,27
277,control,pre,943,119,29,2023,4,17
956,treatment,pre,890,125,32,2023,3,18
216,control,post,887,74,29,2024,1,19
386,control,pre,1134,107,25,2023,1,8
806,treatment,pre,1181,141,18,2023,4,12
438,control,post,978,145,24,2024,3,7
516,treatment,post,1423,153,36,2024,3,13
344,control,pre,881,113,16,2023,1,28
770,treatment,pre,1053,137,31,2023,3,15
333,control,post,847,138,25,2024,2,15
686,treatment,post,1068,117,35,2024,2,28
131,control,pre,1191,127,31,2023,1,14
688,treatment,post,1157,90,30,2024,4,12
872,treatment,pre,1110,153,20,2023,2,29
124,control,post,895,78,20,2024,3,22
397,control,post,1172,114,26,2024,2,21
88,control,pre,1104,69,16,2023,2,15
483,control,post,1214,145,30,2024,1,24
331,control,pre,807,103,18,2023,4,29
239,control,post,825,106,30,2024,4,26
467,control,pre,871,83,16,2023,1,17
122,control,pre,886,105,16,2023,2,22
639,treatment,post,1284,143,27,2024,2,7
45,control,post,1149,88,17,2024,1,9
725,treatment,post,1209,162,26,2024,4,11
96,control,post,1120,125,21,2024,2,21
131,control,post,1169,73,16,2024,2,13
295,control,post,966,121,25,2024,4,16
861,treatment,pre,1184,139,22,2023,1,16
460,control,post,1214,139,20,2024,4,24
127,control,post,995,138,26,2024,4,12
